{
"meta":{"test_sets":[],"test_metrics":[],"learn_metrics":[{"best_value":"Min","name":"RMSE"}],"launch_mode":"Train","parameters":"","iteration_count":1000,"learn_sets":["learn"],"name":"experiment"},
"iterations":[
{"learn":[173.0180079],"iteration":0,"passed_time":0.02058382913,"remaining_time":20.5632453},
{"learn":[166.8671222],"iteration":1,"passed_time":0.02741602681,"remaining_time":13.68059738},
{"learn":[160.9224807],"iteration":2,"passed_time":0.03438006177,"remaining_time":11.42564053},
{"learn":[155.0702478],"iteration":3,"passed_time":0.04116032297,"remaining_time":10.24892042},
{"learn":[149.4744837],"iteration":4,"passed_time":0.04812381631,"remaining_time":9.576639445},
{"learn":[144.4332368],"iteration":5,"passed_time":0.055152978,"remaining_time":9.137010022},
{"learn":[139.3418318],"iteration":6,"passed_time":0.06218939899,"remaining_time":8.822010457},
{"learn":[134.4161224],"iteration":7,"passed_time":0.06897781777,"remaining_time":8.553249404},
{"learn":[129.7339983],"iteration":8,"passed_time":0.07600066533,"remaining_time":8.368517705},
{"learn":[125.3821403],"iteration":9,"passed_time":0.08302241123,"remaining_time":8.219218711},
{"learn":[121.0304069],"iteration":10,"passed_time":0.09010206563,"remaining_time":8.10099481},
{"learn":[116.8439227],"iteration":11,"passed_time":0.0970844713,"remaining_time":7.993288137},
{"learn":[112.7503545],"iteration":12,"passed_time":0.103939706,"remaining_time":7.891422295},
{"learn":[108.7610775],"iteration":13,"passed_time":0.1118091036,"remaining_time":7.874555436},
{"learn":[105.3569538],"iteration":14,"passed_time":0.1190888129,"remaining_time":7.820165381},
{"learn":[101.8418773],"iteration":15,"passed_time":0.126091792,"remaining_time":7.754645207},
{"learn":[98.32865635],"iteration":16,"passed_time":0.1330516641,"remaining_time":7.693516811},
{"learn":[94.86832551],"iteration":17,"passed_time":0.1399658346,"remaining_time":7.635913865},
{"learn":[91.79539913],"iteration":18,"passed_time":0.146953162,"remaining_time":7.587423787},
{"learn":[88.61746258],"iteration":19,"passed_time":0.1538987988,"remaining_time":7.541041141},
{"learn":[85.50699791],"iteration":20,"passed_time":0.1606798289,"remaining_time":7.490740596},
{"learn":[82.49095013],"iteration":21,"passed_time":0.1675114371,"remaining_time":7.446644797},
{"learn":[79.71060708],"iteration":22,"passed_time":0.1743173358,"remaining_time":7.404697264},
{"learn":[77.07899639],"iteration":23,"passed_time":0.1813049931,"remaining_time":7.373069718},
{"learn":[74.58434909],"iteration":24,"passed_time":0.1882695573,"remaining_time":7.342512736},
{"learn":[72.29115028],"iteration":25,"passed_time":0.1951038009,"remaining_time":7.308888541},
{"learn":[69.99048988],"iteration":26,"passed_time":0.2020531876,"remaining_time":7.281398204},
{"learn":[67.77220543],"iteration":27,"passed_time":0.209111099,"remaining_time":7.259142437},
{"learn":[65.58165627],"iteration":28,"passed_time":0.2161972619,"remaining_time":7.238880734},
{"learn":[63.43743158],"iteration":29,"passed_time":0.2229585157,"remaining_time":7.208992007},
{"learn":[61.45368928],"iteration":30,"passed_time":0.2310838809,"remaining_time":7.223234859},
{"learn":[59.46234663],"iteration":31,"passed_time":0.2380041583,"remaining_time":7.199625789},
{"learn":[57.53950109],"iteration":32,"passed_time":0.2454063254,"remaining_time":7.19114899},
{"learn":[55.66304695],"iteration":33,"passed_time":0.2522942904,"remaining_time":7.168126014},
{"learn":[53.87712461],"iteration":34,"passed_time":0.2593337308,"remaining_time":7.150201436},
{"learn":[52.220921],"iteration":35,"passed_time":0.2664065178,"remaining_time":7.133774533},
{"learn":[50.58821284],"iteration":36,"passed_time":0.2734841063,"remaining_time":7.117978227},
{"learn":[48.96109794],"iteration":37,"passed_time":0.2810681624,"remaining_time":7.115462426},
{"learn":[47.48386254],"iteration":38,"passed_time":0.2879768559,"remaining_time":7.09604509},
{"learn":[45.95232955],"iteration":39,"passed_time":0.2951982901,"remaining_time":7.084758962},
{"learn":[44.498642],"iteration":40,"passed_time":0.3022186918,"remaining_time":7.068968913},
{"learn":[43.10391231],"iteration":41,"passed_time":0.3092668217,"remaining_time":7.054228934},
{"learn":[41.82444068],"iteration":42,"passed_time":0.3163236215,"remaining_time":7.040039669},
{"learn":[40.5290698],"iteration":43,"passed_time":0.3234270117,"remaining_time":7.02718689},
{"learn":[39.43985758],"iteration":44,"passed_time":0.3302211622,"remaining_time":7.008026888},
{"learn":[38.22922081],"iteration":45,"passed_time":0.3371352309,"remaining_time":6.991891528},
{"learn":[37.09729369],"iteration":46,"passed_time":0.343986436,"remaining_time":6.974873904},
{"learn":[35.9442159],"iteration":47,"passed_time":0.3509198597,"remaining_time":6.95991055},
{"learn":[34.91764333],"iteration":48,"passed_time":0.3581209785,"remaining_time":6.950470419},
{"learn":[33.94963874],"iteration":49,"passed_time":0.365189374,"remaining_time":6.938598106},
{"learn":[32.9931178],"iteration":50,"passed_time":0.3722821068,"remaining_time":6.927367046},
{"learn":[32.09085183],"iteration":51,"passed_time":0.3791111556,"remaining_time":6.911487991},
{"learn":[31.23277107],"iteration":52,"passed_time":0.3860712657,"remaining_time":6.898292238},
{"learn":[30.37593667],"iteration":53,"passed_time":0.3930317211,"remaining_time":6.885333485},
{"learn":[29.57670343],"iteration":54,"passed_time":0.3998458647,"remaining_time":6.870078948},
{"learn":[28.80258487],"iteration":55,"passed_time":0.4068629255,"remaining_time":6.858546458},
{"learn":[28.07462517],"iteration":56,"passed_time":0.413883053,"remaining_time":6.84722314},
{"learn":[27.33268299],"iteration":57,"passed_time":0.4207586927,"remaining_time":6.833701526},
{"learn":[26.65291363],"iteration":58,"passed_time":0.4277475709,"remaining_time":6.822211258},
{"learn":[25.96832355],"iteration":59,"passed_time":0.4349426304,"remaining_time":6.814101209},
{"learn":[25.32259597],"iteration":60,"passed_time":0.441796626,"remaining_time":6.800771013},
{"learn":[24.72470256],"iteration":61,"passed_time":0.4487697637,"remaining_time":6.789452231},
{"learn":[24.17898177],"iteration":62,"passed_time":0.4557012456,"remaining_time":6.77765186},
{"learn":[23.63998751],"iteration":63,"passed_time":0.4626757686,"remaining_time":6.766633115},
{"learn":[23.11955253],"iteration":64,"passed_time":0.4696916456,"remaining_time":6.756333671},
{"learn":[22.64074306],"iteration":65,"passed_time":0.4766723743,"remaining_time":6.745636328},
{"learn":[22.18870056],"iteration":66,"passed_time":0.483501343,"remaining_time":6.732936612},
{"learn":[21.6680271],"iteration":67,"passed_time":0.4904818613,"remaining_time":6.722486687},
{"learn":[21.17654985],"iteration":68,"passed_time":0.4974022337,"remaining_time":6.711325791},
{"learn":[20.71611106],"iteration":69,"passed_time":0.5043726368,"remaining_time":6.700950746},
{"learn":[20.32041027],"iteration":70,"passed_time":0.5117907417,"remaining_time":6.696529564},
{"learn":[19.92110085],"iteration":71,"passed_time":0.5188092408,"remaining_time":6.686874659},
{"learn":[19.51553149],"iteration":72,"passed_time":0.5260487614,"remaining_time":6.680098656},
{"learn":[19.12060685],"iteration":73,"passed_time":0.5329779301,"remaining_time":6.669426531},
{"learn":[18.75962962],"iteration":74,"passed_time":0.5400583424,"remaining_time":6.660719557},
{"learn":[18.39449018],"iteration":75,"passed_time":0.546880122,"remaining_time":6.648910957},
{"learn":[18.06030809],"iteration":76,"passed_time":0.5539842976,"remaining_time":6.64061697},
{"learn":[17.73376516],"iteration":77,"passed_time":0.5608177341,"remaining_time":6.629153215},
{"learn":[17.41724882],"iteration":78,"passed_time":0.5677158614,"remaining_time":6.618560865},
{"learn":[17.11903686],"iteration":79,"passed_time":0.574780074,"remaining_time":6.609970851},
{"learn":[16.82086793],"iteration":80,"passed_time":0.5815143342,"remaining_time":6.597674977},
{"learn":[16.55485351],"iteration":81,"passed_time":0.5885172771,"remaining_time":6.588522687},
{"learn":[16.2755803],"iteration":82,"passed_time":0.5954338705,"remaining_time":6.578468184},
{"learn":[16.0212249],"iteration":83,"passed_time":0.6022393223,"remaining_time":6.567276419},
{"learn":[15.76515283],"iteration":84,"passed_time":0.6091630046,"remaining_time":6.557460579},
{"learn":[15.51765239],"iteration":85,"passed_time":0.6161003606,"remaining_time":6.54785732},
{"learn":[15.26683453],"iteration":86,"passed_time":0.6229875908,"remaining_time":6.537789315},
{"learn":[15.07477048],"iteration":87,"passed_time":0.630022764,"remaining_time":6.529326827},
{"learn":[14.872285],"iteration":88,"passed_time":0.6369243095,"remaining_time":6.519528606},
{"learn":[14.65590352],"iteration":89,"passed_time":0.6438590573,"remaining_time":6.510130468},
{"learn":[14.4606543],"iteration":90,"passed_time":0.6508087289,"remaining_time":6.500935544},
{"learn":[14.2909756],"iteration":91,"passed_time":0.6578128484,"remaining_time":6.492326808},
{"learn":[14.10327816],"iteration":92,"passed_time":0.6648078455,"remaining_time":6.483663611},
{"learn":[13.91752602],"iteration":93,"passed_time":0.6716260465,"remaining_time":6.473331895},
{"learn":[13.73987364],"iteration":94,"passed_time":0.6784553922,"remaining_time":6.463180315},
{"learn":[13.56217695],"iteration":95,"passed_time":0.6852105184,"remaining_time":6.452399048},
{"learn":[13.41369444],"iteration":96,"passed_time":0.6921536673,"remaining_time":6.44345115},
{"learn":[13.27064755],"iteration":97,"passed_time":0.6991974058,"remaining_time":6.43547},
{"learn":[13.13297245],"iteration":98,"passed_time":0.7060397464,"remaining_time":6.425674864},
{"learn":[12.97999996],"iteration":99,"passed_time":0.7127149965,"remaining_time":6.414434968},
{"learn":[12.84089567],"iteration":100,"passed_time":0.7196494911,"remaining_time":6.405592995},
{"learn":[12.71518582],"iteration":101,"passed_time":0.7265191261,"remaining_time":6.396217404},
{"learn":[12.60424247],"iteration":102,"passed_time":0.7333276739,"remaining_time":6.386358481},
{"learn":[12.49755682],"iteration":103,"passed_time":0.7411460068,"remaining_time":6.385257904},
{"learn":[12.36912062],"iteration":104,"passed_time":0.7479977341,"remaining_time":6.375790209},
{"learn":[12.27165304],"iteration":105,"passed_time":0.7560020514,"remaining_time":6.376092773},
{"learn":[12.1593685],"iteration":106,"passed_time":0.7627599572,"remaining_time":6.365837774},
{"learn":[12.04698211],"iteration":107,"passed_time":0.7700953895,"remaining_time":6.360417476},
{"learn":[11.9418339],"iteration":108,"passed_time":0.7769144096,"remaining_time":6.350740724},
{"learn":[11.85348975],"iteration":109,"passed_time":0.7841417271,"remaining_time":6.344419429},
{"learn":[11.74112137],"iteration":110,"passed_time":0.7909123653,"remaining_time":6.334424259},
{"learn":[11.63951502],"iteration":111,"passed_time":0.797814057,"remaining_time":6.325525737},
{"learn":[11.53994189],"iteration":112,"passed_time":0.8044893668,"remaining_time":6.314885561},
{"learn":[11.45049802],"iteration":113,"passed_time":0.8112014876,"remaining_time":6.304601035},
{"learn":[11.35842376],"iteration":114,"passed_time":0.8179395999,"remaining_time":6.29457866},
{"learn":[11.26541657],"iteration":115,"passed_time":0.8246663182,"remaining_time":6.28452608},
{"learn":[11.18428828],"iteration":116,"passed_time":0.8315638541,"remaining_time":6.275819515},
{"learn":[11.11540868],"iteration":117,"passed_time":0.8383737634,"remaining_time":6.266488638},
{"learn":[11.02476308],"iteration":118,"passed_time":0.8455673244,"remaining_time":6.260040444},
{"learn":[10.96559213],"iteration":119,"passed_time":0.8525293846,"remaining_time":6.251882154},
{"learn":[10.89223477],"iteration":120,"passed_time":0.8594738198,"remaining_time":6.2436156},
{"learn":[10.82079619],"iteration":121,"passed_time":0.8662124686,"remaining_time":6.233889733},
{"learn":[10.76334077],"iteration":122,"passed_time":0.8729570645,"remaining_time":6.224254842},
{"learn":[10.7014918],"iteration":123,"passed_time":0.8797483601,"remaining_time":6.21499648},
{"learn":[10.64769192],"iteration":124,"passed_time":0.8866531974,"remaining_time":6.206572382},
{"learn":[10.59032365],"iteration":125,"passed_time":0.89390489,"remaining_time":6.200578364},
{"learn":[10.51705392],"iteration":126,"passed_time":0.9007219573,"remaining_time":6.191576919},
{"learn":[10.46405308],"iteration":127,"passed_time":0.9075399769,"remaining_time":6.182616093},
{"learn":[10.40718733],"iteration":128,"passed_time":0.9143809853,"remaining_time":6.173843707},
{"learn":[10.34588844],"iteration":129,"passed_time":0.9212127604,"remaining_time":6.165039243},
{"learn":[10.26429004],"iteration":130,"passed_time":0.9279576861,"remaining_time":6.155688773},
{"learn":[10.21826189],"iteration":131,"passed_time":0.9347701314,"remaining_time":6.146821773},
{"learn":[10.16524805],"iteration":132,"passed_time":0.9415920012,"remaining_time":6.138047105},
{"learn":[10.11009508],"iteration":133,"passed_time":0.9484720834,"remaining_time":6.129677793},
{"learn":[10.06052399],"iteration":134,"passed_time":0.9552568916,"remaining_time":6.120720083},
{"learn":[10.01407006],"iteration":135,"passed_time":0.9619747267,"remaining_time":6.111368852},
{"learn":[9.962016656],"iteration":136,"passed_time":0.9689544776,"remaining_time":6.103705943},
{"learn":[9.91185772],"iteration":137,"passed_time":0.9758094747,"remaining_time":6.095273675},
{"learn":[9.868628737],"iteration":138,"passed_time":0.9826804758,"remaining_time":6.086963235},
{"learn":[9.827242558],"iteration":139,"passed_time":0.9896393203,"remaining_time":6.079212968},
{"learn":[9.786051987],"iteration":140,"passed_time":0.9967625043,"remaining_time":6.072475115},
{"learn":[9.737590687],"iteration":141,"passed_time":1.003764646,"remaining_time":6.065000468},
{"learn":[9.690820485],"iteration":142,"passed_time":1.010636453,"remaining_time":6.056751333},
{"learn":[9.637860804],"iteration":143,"passed_time":1.017392526,"remaining_time":6.04783335},
{"learn":[9.594032839],"iteration":144,"passed_time":1.024163086,"remaining_time":6.039030611},
{"learn":[9.54882334],"iteration":145,"passed_time":1.031224902,"remaining_time":6.031959358},
{"learn":[9.504131569],"iteration":146,"passed_time":1.038154469,"remaining_time":6.024120833},
{"learn":[9.461816701],"iteration":147,"passed_time":1.04497519,"remaining_time":6.015667983},
{"learn":[9.424015553],"iteration":148,"passed_time":1.051803288,"remaining_time":6.007279184},
{"learn":[9.384614149],"iteration":149,"passed_time":1.058744408,"remaining_time":5.999551643},
{"learn":[9.341284787],"iteration":150,"passed_time":1.065540325,"remaining_time":5.991018121},
{"learn":[9.304403106],"iteration":151,"passed_time":1.072424868,"remaining_time":5.983001896},
{"learn":[9.27619452],"iteration":152,"passed_time":1.079215345,"remaining_time":5.974479719},
{"learn":[9.243420494],"iteration":153,"passed_time":1.086032185,"remaining_time":5.966124859},
{"learn":[9.191450166],"iteration":154,"passed_time":1.09296046,"remaining_time":5.958397347},
{"learn":[9.161809216],"iteration":155,"passed_time":1.099866554,"remaining_time":5.950560077},
{"learn":[9.127220355],"iteration":156,"passed_time":1.106879417,"remaining_time":5.943307955},
{"learn":[9.092999932],"iteration":157,"passed_time":1.113675654,"remaining_time":5.934904435},
{"learn":[9.05167129],"iteration":158,"passed_time":1.120418739,"remaining_time":5.926239994},
{"learn":[9.021672442],"iteration":159,"passed_time":1.127135856,"remaining_time":5.917463243},
{"learn":[8.97652477],"iteration":160,"passed_time":1.133825103,"remaining_time":5.908566839},
{"learn":[8.942038704],"iteration":161,"passed_time":1.140668872,"remaining_time":5.900497005},
{"learn":[8.905773644],"iteration":162,"passed_time":1.147413806,"remaining_time":5.891934697},
{"learn":[8.872470567],"iteration":163,"passed_time":1.154190369,"remaining_time":5.883555781},
{"learn":[8.839601247],"iteration":164,"passed_time":1.161023744,"remaining_time":5.875483795},
{"learn":[8.813018591],"iteration":165,"passed_time":1.167700045,"remaining_time":5.866637573},
{"learn":[8.781211874],"iteration":166,"passed_time":1.174543885,"remaining_time":5.858653031},
{"learn":[8.752627455],"iteration":167,"passed_time":1.181306091,"remaining_time":5.850277784},
{"learn":[8.726536284],"iteration":168,"passed_time":1.187933168,"remaining_time":5.841257174},
{"learn":[8.693704581],"iteration":169,"passed_time":1.194667867,"remaining_time":5.832790174},
{"learn":[8.665700865],"iteration":170,"passed_time":1.201577295,"remaining_time":5.825190513},
{"learn":[8.635515579],"iteration":171,"passed_time":1.20842478,"remaining_time":5.817300687},
{"learn":[8.608071495],"iteration":172,"passed_time":1.21527305,"remaining_time":5.809426659},
{"learn":[8.586769457],"iteration":173,"passed_time":1.221987589,"remaining_time":5.800929588},
{"learn":[8.565725705],"iteration":174,"passed_time":1.22864544,"remaining_time":5.792185647},
{"learn":[8.533953125],"iteration":175,"passed_time":1.235564347,"remaining_time":5.784687626},
{"learn":[8.49366217],"iteration":176,"passed_time":1.242356421,"remaining_time":5.776606409},
{"learn":[8.475131888],"iteration":177,"passed_time":1.249124519,"remaining_time":5.76842896},
{"learn":[8.430304041],"iteration":178,"passed_time":1.255804395,"remaining_time":5.759862618},
{"learn":[8.404532158],"iteration":179,"passed_time":1.262547236,"remaining_time":5.751604075},
{"learn":[8.374037306],"iteration":180,"passed_time":1.269563821,"remaining_time":5.744600935},
{"learn":[8.348940763],"iteration":181,"passed_time":1.277166907,"remaining_time":5.740233683},
{"learn":[8.321865407],"iteration":182,"passed_time":1.284045856,"remaining_time":5.732598164},
{"learn":[8.287362211],"iteration":183,"passed_time":1.291367369,"remaining_time":5.72693355},
{"learn":[8.26152615],"iteration":184,"passed_time":1.298080291,"remaining_time":5.718569929},
{"learn":[8.229170472],"iteration":185,"passed_time":1.305369489,"remaining_time":5.712746045},
{"learn":[8.191042862],"iteration":186,"passed_time":1.312154631,"remaining_time":5.704715055},
{"learn":[8.164446165],"iteration":187,"passed_time":1.318888869,"remaining_time":5.696477454},
{"learn":[8.136155226],"iteration":188,"passed_time":1.325664544,"remaining_time":5.688433572},
{"learn":[8.105154169],"iteration":189,"passed_time":1.332487105,"remaining_time":5.680602923},
{"learn":[8.081137187],"iteration":190,"passed_time":1.339317402,"remaining_time":5.672815594},
{"learn":[8.043550802],"iteration":191,"passed_time":1.346226961,"remaining_time":5.665371794},
{"learn":[8.017240031],"iteration":192,"passed_time":1.353168931,"remaining_time":5.658069054},
{"learn":[7.986235261],"iteration":193,"passed_time":1.36003353,"remaining_time":5.650448582},
{"learn":[7.961318367],"iteration":194,"passed_time":1.366950984,"remaining_time":5.643054063},
{"learn":[7.931940631],"iteration":195,"passed_time":1.373872168,"remaining_time":5.63567971},
{"learn":[7.909564177],"iteration":196,"passed_time":1.380614917,"remaining_time":5.62758263},
{"learn":[7.875573681],"iteration":197,"passed_time":1.387468534,"remaining_time":5.619948306},
{"learn":[7.84643828],"iteration":198,"passed_time":1.394282061,"remaining_time":5.612160458},
{"learn":[7.823068196],"iteration":199,"passed_time":1.401166946,"remaining_time":5.604667784},
{"learn":[7.790040531],"iteration":200,"passed_time":1.407913849,"remaining_time":5.596632663},
{"learn":[7.774287139],"iteration":201,"passed_time":1.414594187,"remaining_time":5.588347334},
{"learn":[7.751920613],"iteration":202,"passed_time":1.421531971,"remaining_time":5.581088577},
{"learn":[7.723474266],"iteration":203,"passed_time":1.428373164,"remaining_time":5.573456073},
{"learn":[7.705612215],"iteration":204,"passed_time":1.435057461,"remaining_time":5.565222838},
{"learn":[7.689282384],"iteration":205,"passed_time":1.44171533,"remaining_time":5.556902776},
{"learn":[7.662881186],"iteration":206,"passed_time":1.44836988,"remaining_time":5.548586063},
{"learn":[7.624360209],"iteration":207,"passed_time":1.45533806,"remaining_time":5.541479536},
{"learn":[7.61092302],"iteration":208,"passed_time":1.461966065,"remaining_time":5.533086878},
{"learn":[7.581396322],"iteration":209,"passed_time":1.468871923,"remaining_time":5.525756281},
{"learn":[7.543787149],"iteration":210,"passed_time":1.475829646,"remaining_time":5.518623651},
{"learn":[7.526491065],"iteration":211,"passed_time":1.482647435,"remaining_time":5.51097254},
{"learn":[7.504316934],"iteration":212,"passed_time":1.489488601,"remaining_time":5.503415627},
{"learn":[7.48924912],"iteration":213,"passed_time":1.496384263,"remaining_time":5.496065564},
{"learn":[7.476976749],"iteration":214,"passed_time":1.50307718,"remaining_time":5.487979472},
{"learn":[7.463020117],"iteration":215,"passed_time":1.510201569,"remaining_time":5.48147236},
{"learn":[7.44370899],"iteration":216,"passed_time":1.516926934,"remaining_time":5.473519765},
{"learn":[7.432070059],"iteration":217,"passed_time":1.523799865,"remaining_time":5.466107771},
{"learn":[7.419695717],"iteration":218,"passed_time":1.530531248,"remaining_time":5.458195911},
{"learn":[7.381548397],"iteration":219,"passed_time":1.537545831,"remaining_time":5.451298855},
{"learn":[7.350246059],"iteration":220,"passed_time":1.544234606,"remaining_time":5.4432523},
{"learn":[7.320246698],"iteration":221,"passed_time":1.550931319,"remaining_time":5.435245794},
{"learn":[7.300867437],"iteration":222,"passed_time":1.557708227,"remaining_time":5.42753046},
{"learn":[7.283136691],"iteration":223,"passed_time":1.56448077,"remaining_time":5.419808383},
{"learn":[7.259185084],"iteration":224,"passed_time":1.571305658,"remaining_time":5.412275046},
{"learn":[7.233697119],"iteration":225,"passed_time":1.578167621,"remaining_time":5.40487495},
{"learn":[7.218318578],"iteration":226,"passed_time":1.585129025,"remaining_time":5.397818221},
{"learn":[7.190778627],"iteration":227,"passed_time":1.592056141,"remaining_time":5.390646233},
{"learn":[7.173277959],"iteration":228,"passed_time":1.598983354,"remaining_time":5.383476708},
{"learn":[7.15047108],"iteration":229,"passed_time":1.60580849,"remaining_time":5.375967553},
{"learn":[7.127558029],"iteration":230,"passed_time":1.612786478,"remaining_time":5.368973168},
{"learn":[7.098613473],"iteration":231,"passed_time":1.619489802,"remaining_time":5.361069688},
{"learn":[7.06398307],"iteration":232,"passed_time":1.626332509,"remaining_time":5.353635342},
{"learn":[7.035117304],"iteration":233,"passed_time":1.633459195,"remaining_time":5.347135656},
{"learn":[7.018327515],"iteration":234,"passed_time":1.640169925,"remaining_time":5.339276565},
{"learn":[6.987910451],"iteration":235,"passed_time":1.646995102,"remaining_time":5.331797703},
{"learn":[6.956003547],"iteration":236,"passed_time":1.653817258,"remaining_time":5.324314634},
{"learn":[6.941484148],"iteration":237,"passed_time":1.660671254,"remaining_time":5.316939057},
{"learn":[6.916983013],"iteration":238,"passed_time":1.667501311,"remaining_time":5.309491621},
{"learn":[6.890094235],"iteration":239,"passed_time":1.674386239,"remaining_time":5.302223091},
{"learn":[6.873656446],"iteration":240,"passed_time":1.68110493,"remaining_time":5.294434199},
{"learn":[6.853060018],"iteration":241,"passed_time":1.687885735,"remaining_time":5.286848706},
{"learn":[6.825052321],"iteration":242,"passed_time":1.694958496,"remaining_time":5.280179347},
{"learn":[6.798187719],"iteration":243,"passed_time":1.701814295,"remaining_time":5.272834454},
{"learn":[6.76876238],"iteration":244,"passed_time":1.708973501,"remaining_time":5.266428544},
{"learn":[6.748290236],"iteration":245,"passed_time":1.716018372,"remaining_time":5.259666068},
{"learn":[6.734952192],"iteration":246,"passed_time":1.722782296,"remaining_time":5.252044813},
{"learn":[6.717889786],"iteration":247,"passed_time":1.729530019,"remaining_time":5.244381349},
{"learn":[6.704958684],"iteration":248,"passed_time":1.736350809,"remaining_time":5.236945611},
{"learn":[6.681969791],"iteration":249,"passed_time":1.743256607,"remaining_time":5.229769821},
{"learn":[6.6645983],"iteration":250,"passed_time":1.750120293,"remaining_time":5.222470516},
{"learn":[6.656655612],"iteration":251,"passed_time":1.756895399,"remaining_time":5.21491174},
{"learn":[6.636947176],"iteration":252,"passed_time":1.763604073,"remaining_time":5.207163014},
{"learn":[6.623376089],"iteration":253,"passed_time":1.770488415,"remaining_time":5.199938414},
{"learn":[6.598668235],"iteration":254,"passed_time":1.777167672,"remaining_time":5.192117317},
{"learn":[6.574015377],"iteration":255,"passed_time":1.783917364,"remaining_time":5.184509838},
{"learn":[6.553519937],"iteration":256,"passed_time":1.79067876,"remaining_time":5.176942874},
{"learn":[6.526963047],"iteration":257,"passed_time":1.798278168,"remaining_time":5.171792249},
{"learn":[6.509043555],"iteration":258,"passed_time":1.805209008,"remaining_time":5.164709942},
{"learn":[6.485168101],"iteration":259,"passed_time":1.812466306,"remaining_time":5.158557948},
{"learn":[6.466004078],"iteration":260,"passed_time":1.819440238,"remaining_time":5.151595158},
{"learn":[6.455579484],"iteration":261,"passed_time":1.826284047,"remaining_time":5.14426575},
{"learn":[6.446067783],"iteration":262,"passed_time":1.833113892,"remaining_time":5.136900906},
{"learn":[6.423694984],"iteration":263,"passed_time":1.840091812,"remaining_time":5.12995293},
{"learn":[6.408183622],"iteration":264,"passed_time":1.846996279,"remaining_time":5.122801001},
{"learn":[6.400803819],"iteration":265,"passed_time":1.853917134,"remaining_time":5.115696151},
{"learn":[6.389834586],"iteration":266,"passed_time":1.860829657,"remaining_time":5.108569809},
{"learn":[6.372235851],"iteration":267,"passed_time":1.867580393,"remaining_time":5.101003163},
{"learn":[6.354812154],"iteration":268,"passed_time":1.874421045,"remaining_time":5.093686929},
{"learn":[6.331629445],"iteration":269,"passed_time":1.881280051,"remaining_time":5.086423841},
{"learn":[6.313160015],"iteration":270,"passed_time":1.888162254,"remaining_time":5.079226136},
{"learn":[6.303753382],"iteration":271,"passed_time":1.895186134,"remaining_time":5.072409946},
{"learn":[6.298987178],"iteration":272,"passed_time":1.902053499,"remaining_time":5.065175436},
{"learn":[6.28262928],"iteration":273,"passed_time":1.909101641,"remaining_time":5.058422597},
{"learn":[6.262210546],"iteration":274,"passed_time":1.915991241,"remaining_time":5.051249636},
{"learn":[6.240953526],"iteration":275,"passed_time":1.922719682,"remaining_time":5.043655976},
{"learn":[6.220603075],"iteration":276,"passed_time":1.929545849,"remaining_time":5.036323641},
{"learn":[6.200007512],"iteration":277,"passed_time":1.936311262,"remaining_time":5.028837161},
{"learn":[6.178665955],"iteration":278,"passed_time":1.943132201,"remaining_time":5.021499345},
{"learn":[6.161101612],"iteration":279,"passed_time":1.949934117,"remaining_time":5.0141163},
{"learn":[6.145370856],"iteration":280,"passed_time":1.956822117,"remaining_time":5.00695766},
{"learn":[6.135522843],"iteration":281,"passed_time":1.963777859,"remaining_time":4.999973415},
{"learn":[6.10396131],"iteration":282,"passed_time":1.970611433,"remaining_time":4.992679849},
{"learn":[6.077192159],"iteration":283,"passed_time":1.977719326,"remaining_time":4.986081117},
{"learn":[6.065757017],"iteration":284,"passed_time":1.984515196,"remaining_time":4.978696019},
{"learn":[6.05239024],"iteration":285,"passed_time":1.991224085,"remaining_time":4.97109789},
{"learn":[6.04565141],"iteration":286,"passed_time":1.998186232,"remaining_time":4.964135135},
{"learn":[6.017265888],"iteration":287,"passed_time":2.004983488,"remaining_time":4.956764735},
{"learn":[6.004611058],"iteration":288,"passed_time":2.011996006,"remaining_time":4.949927891},
{"learn":[5.977432491],"iteration":289,"passed_time":2.01904085,"remaining_time":4.943168977},
{"learn":[5.970010599],"iteration":290,"passed_time":2.025898203,"remaining_time":4.935951291},
{"learn":[5.954294771],"iteration":291,"passed_time":2.032799708,"remaining_time":4.928843127},
{"learn":[5.937976642],"iteration":292,"passed_time":2.039586083,"remaining_time":4.921458568},
{"learn":[5.920328136],"iteration":293,"passed_time":2.046482991,"remaining_time":4.914343509},
{"learn":[5.905459758],"iteration":294,"passed_time":2.05317492,"remaining_time":4.906740064},
{"learn":[5.898204365],"iteration":295,"passed_time":2.060136099,"remaining_time":4.899783155},
{"learn":[5.884192849],"iteration":296,"passed_time":2.066821443,"remaining_time":4.892173314},
{"learn":[5.876369634],"iteration":297,"passed_time":2.073761425,"remaining_time":4.885169531},
{"learn":[5.858369074],"iteration":298,"passed_time":2.081486062,"remaining_time":4.880005785},
{"learn":[5.843133804],"iteration":299,"passed_time":2.088598421,"remaining_time":4.873396315},
{"learn":[5.824892319],"iteration":300,"passed_time":2.09559807,"remaining_time":4.866521764},
{"learn":[5.807840113],"iteration":301,"passed_time":2.102372648,"remaining_time":4.859126185},
{"learn":[5.78962645],"iteration":302,"passed_time":2.109351067,"remaining_time":4.852203609},
{"learn":[5.772085585],"iteration":303,"passed_time":2.116235452,"remaining_time":4.845065378},
{"learn":[5.763214652],"iteration":304,"passed_time":2.12300231,"remaining_time":4.837661003},
{"learn":[5.752283983],"iteration":305,"passed_time":2.129746035,"remaining_time":4.830208328},
{"learn":[5.735782095],"iteration":306,"passed_time":2.136583509,"remaining_time":4.822971896},
{"learn":[5.72125559],"iteration":307,"passed_time":2.143572782,"remaining_time":4.816079106},
{"learn":[5.704881572],"iteration":308,"passed_time":2.150277595,"remaining_time":4.808549574},
{"learn":[5.689935781],"iteration":309,"passed_time":2.157147915,"remaining_time":4.801393746},
{"learn":[5.674444456],"iteration":310,"passed_time":2.163911096,"remaining_time":4.794002397},
{"learn":[5.659534614],"iteration":311,"passed_time":2.170858149,"remaining_time":4.787020533},
{"learn":[5.644181076],"iteration":312,"passed_time":2.177626231,"remaining_time":4.779646072},
{"learn":[5.628365839],"iteration":313,"passed_time":2.184288749,"remaining_time":4.772044847},
{"learn":[5.607974034],"iteration":314,"passed_time":2.191208349,"remaining_time":4.765008632},
{"learn":[5.595535223],"iteration":315,"passed_time":2.19806067,"remaining_time":4.757827527},
{"learn":[5.5851946],"iteration":316,"passed_time":2.205065867,"remaining_time":4.750977877},
{"learn":[5.567020299],"iteration":317,"passed_time":2.212037361,"remaining_time":4.744054969},
{"learn":[5.554835808],"iteration":318,"passed_time":2.218901882,"remaining_time":4.73690339},
{"learn":[5.538541653],"iteration":319,"passed_time":2.225680571,"remaining_time":4.729571213},
{"learn":[5.525576331],"iteration":320,"passed_time":2.232575933,"remaining_time":4.722489278},
{"learn":[5.514824578],"iteration":321,"passed_time":2.239468385,"remaining_time":4.715402377},
{"learn":[5.504420198],"iteration":322,"passed_time":2.246171701,"remaining_time":4.707920252},
{"learn":[5.492759055],"iteration":323,"passed_time":2.253106547,"remaining_time":4.700926005},
{"learn":[5.479443192],"iteration":324,"passed_time":2.259977594,"remaining_time":4.693799618},
{"learn":[5.461884134],"iteration":325,"passed_time":2.267028454,"remaining_time":4.687046558},
{"learn":[5.449243371],"iteration":326,"passed_time":2.273888994,"remaining_time":4.679899979},
{"learn":[5.434559882],"iteration":327,"passed_time":2.280580503,"remaining_time":4.672408835},
{"learn":[5.423264526],"iteration":328,"passed_time":2.287419825,"remaining_time":4.665224021},
{"learn":[5.405383442],"iteration":329,"passed_time":2.294423666,"remaining_time":4.658375321},
{"learn":[5.392059214],"iteration":330,"passed_time":2.301318018,"remaining_time":4.651304392},
{"learn":[5.38713232],"iteration":331,"passed_time":2.308926406,"remaining_time":4.645671202},
{"learn":[5.375683685],"iteration":332,"passed_time":2.315837248,"remaining_time":4.638628962},
{"learn":[5.361023825],"iteration":333,"passed_time":2.323118497,"remaining_time":4.632326105},
{"learn":[5.345989148],"iteration":334,"passed_time":2.329982041,"remaining_time":4.62518823},
{"learn":[5.333344099],"iteration":335,"passed_time":2.337282009,"remaining_time":4.618914446},
{"learn":[5.328843669],"iteration":336,"passed_time":2.344223311,"remaining_time":4.611928948},
{"learn":[5.310652165],"iteration":337,"passed_time":2.351105208,"remaining_time":4.60482736},
{"learn":[5.304177975],"iteration":338,"passed_time":2.357974904,"remaining_time":4.597703279},
{"learn":[5.289909308],"iteration":339,"passed_time":2.364798437,"remaining_time":4.590491083},
{"learn":[5.278068809],"iteration":340,"passed_time":2.371630907,"remaining_time":4.583298438},
{"learn":[5.261421952],"iteration":341,"passed_time":2.378583568,"remaining_time":4.576339146},
{"learn":[5.246545555],"iteration":342,"passed_time":2.385424696,"remaining_time":4.569166254},
{"learn":[5.235106285],"iteration":343,"passed_time":2.392233957,"remaining_time":4.561934522},
{"learn":[5.224712311],"iteration":344,"passed_time":2.399031157,"remaining_time":4.554682341},
{"learn":[5.212884386],"iteration":345,"passed_time":2.405863921,"remaining_time":4.547500012},
{"learn":[5.208831021],"iteration":346,"passed_time":2.412566354,"remaining_time":4.540074436},
{"learn":[5.200534072],"iteration":347,"passed_time":2.41925231,"remaining_time":4.532622143},
{"learn":[5.187744561],"iteration":348,"passed_time":2.426183266,"remaining_time":4.525631251},
{"learn":[5.177556769],"iteration":349,"passed_time":2.433169255,"remaining_time":4.518742902},
{"learn":[5.169869914],"iteration":350,"passed_time":2.439898229,"remaining_time":4.511378776},
{"learn":[5.156991189],"iteration":351,"passed_time":2.446747085,"remaining_time":4.504238952},
{"learn":[5.144759811],"iteration":352,"passed_time":2.453661943,"remaining_time":4.497221749},
{"learn":[5.1308106],"iteration":353,"passed_time":2.46055828,"remaining_time":4.490171325},
{"learn":[5.115626208],"iteration":354,"passed_time":2.467544626,"remaining_time":4.483285307},
{"learn":[5.103351194],"iteration":355,"passed_time":2.474338636,"remaining_time":4.47605079},
{"learn":[5.093499912],"iteration":356,"passed_time":2.481169243,"remaining_time":4.46888466},
{"learn":[5.090855411],"iteration":357,"passed_time":2.487901536,"remaining_time":4.461544095},
{"learn":[5.079359858],"iteration":358,"passed_time":2.495143587,"remaining_time":4.455117102},
{"learn":[5.065718693],"iteration":359,"passed_time":2.501821565,"remaining_time":4.447682782},
{"learn":[5.054477832],"iteration":360,"passed_time":2.508490054,"remaining_time":4.440235857},
{"learn":[5.037809444],"iteration":361,"passed_time":2.515293772,"remaining_time":4.433031566},
{"learn":[5.027253971],"iteration":362,"passed_time":2.522193494,"remaining_time":4.42599795},
{"learn":[5.012999815],"iteration":363,"passed_time":2.529078577,"remaining_time":4.418939492},
{"learn":[5.009978335],"iteration":364,"passed_time":2.535802441,"remaining_time":4.411601506},
{"learn":[5.001626653],"iteration":365,"passed_time":2.542533339,"remaining_time":4.404279063},
{"learn":[4.991571753],"iteration":366,"passed_time":2.549379708,"remaining_time":4.397159005},
{"learn":[4.982965042],"iteration":367,"passed_time":2.556150636,"remaining_time":4.389910874},
{"learn":[4.966714618],"iteration":368,"passed_time":2.562978773,"remaining_time":4.38276316},
{"learn":[4.953173443],"iteration":369,"passed_time":2.569752325,"remaining_time":4.375524228},
{"learn":[4.950895372],"iteration":370,"passed_time":2.576578523,"remaining_time":4.368377064},
{"learn":[4.937699221],"iteration":371,"passed_time":2.583700485,"remaining_time":4.361730927},
{"learn":[4.925507063],"iteration":372,"passed_time":2.590418454,"remaining_time":4.354403138},
{"learn":[4.911191264],"iteration":373,"passed_time":2.597817959,"remaining_time":4.348219364},
{"learn":[4.897414332],"iteration":374,"passed_time":2.604757345,"remaining_time":4.341262241},
{"learn":[4.8834535],"iteration":375,"passed_time":2.611725436,"remaining_time":4.334352852},
{"learn":[4.869563068],"iteration":376,"passed_time":2.61868027,"remaining_time":4.327421242},
{"learn":[4.854252002],"iteration":377,"passed_time":2.625478638,"remaining_time":4.320232045},
{"learn":[4.841248305],"iteration":378,"passed_time":2.632383701,"remaining_time":4.313219732},
{"learn":[4.824709435],"iteration":379,"passed_time":2.639160603,"remaining_time":4.305998879},
{"learn":[4.814759591],"iteration":380,"passed_time":2.646202309,"remaining_time":4.299210576},
{"learn":[4.803718861],"iteration":381,"passed_time":2.652955765,"remaining_time":4.291954615},
{"learn":[4.793143507],"iteration":382,"passed_time":2.659738606,"remaining_time":4.284748616},
{"learn":[4.7781682],"iteration":383,"passed_time":2.666572214,"remaining_time":4.27762626},
{"learn":[4.769541387],"iteration":384,"passed_time":2.673368181,"remaining_time":4.270445276},
{"learn":[4.762570678],"iteration":385,"passed_time":2.680099508,"remaining_time":4.263163466},
{"learn":[4.752964334],"iteration":386,"passed_time":2.686907847,"remaining_time":4.256006487},
{"learn":[4.742935703],"iteration":387,"passed_time":2.693928756,"remaining_time":4.249186594},
{"learn":[4.728795259],"iteration":388,"passed_time":2.70088652,"remaining_time":4.242266487},
{"learn":[4.719434065],"iteration":389,"passed_time":2.707778327,"remaining_time":4.235243024},
{"learn":[4.707086582],"iteration":390,"passed_time":2.714547729,"remaining_time":4.228029583},
{"learn":[4.702758019],"iteration":391,"passed_time":2.721269292,"remaining_time":4.220744208},
{"learn":[4.689928127],"iteration":392,"passed_time":2.728061755,"remaining_time":4.213571209},
{"learn":[4.680583247],"iteration":393,"passed_time":2.734723422,"remaining_time":4.206198969},
{"learn":[4.671288979],"iteration":394,"passed_time":2.741766313,"remaining_time":4.199414226},
{"learn":[4.662035653],"iteration":395,"passed_time":2.748758647,"remaining_time":4.192551067},
{"learn":[4.647388229],"iteration":396,"passed_time":2.755671923,"remaining_time":4.185567178},
{"learn":[4.63771888],"iteration":397,"passed_time":2.762369512,"remaining_time":4.178257402},
{"learn":[4.626453802],"iteration":398,"passed_time":2.769454246,"remaining_time":4.171533839},
{"learn":[4.618997022],"iteration":399,"passed_time":2.776160094,"remaining_time":4.164240141},
{"learn":[4.608844536],"iteration":400,"passed_time":2.783133838,"remaining_time":4.157349548},
{"learn":[4.593203951],"iteration":401,"passed_time":2.79008676,"remaining_time":4.150427568},
{"learn":[4.583111139],"iteration":402,"passed_time":2.797585026,"remaining_time":4.144313301},
{"learn":[4.57154366],"iteration":403,"passed_time":2.804396653,"remaining_time":4.137179221},
{"learn":[4.564500184],"iteration":404,"passed_time":2.811437693,"remaining_time":4.130383772},
{"learn":[4.550746486],"iteration":405,"passed_time":2.818443598,"remaining_time":4.123535708},
{"learn":[4.54681352],"iteration":406,"passed_time":2.825334462,"remaining_time":4.116519253},
{"learn":[4.544134056],"iteration":407,"passed_time":2.832581523,"remaining_time":4.110020249},
{"learn":[4.534699604],"iteration":408,"passed_time":2.839463924,"remaining_time":4.102990658},
{"learn":[4.523754097],"iteration":409,"passed_time":2.8464311,"remaining_time":4.096083778},
{"learn":[4.511149696],"iteration":410,"passed_time":2.853212499,"remaining_time":4.088910369},
{"learn":[4.503423002],"iteration":411,"passed_time":2.860422956,"remaining_time":4.082351209},
{"learn":[4.496124235],"iteration":412,"passed_time":2.867236685,"remaining_time":4.075225022},
{"learn":[4.488776342],"iteration":413,"passed_time":2.873999382,"remaining_time":4.06802811},
{"learn":[4.475880683],"iteration":414,"passed_time":2.880813871,"remaining_time":4.0609063},
{"learn":[4.463028836],"iteration":415,"passed_time":2.887612365,"remaining_time":4.053763512},
{"learn":[4.452032301],"iteration":416,"passed_time":2.894561524,"remaining_time":4.046833018},
{"learn":[4.450415035],"iteration":417,"passed_time":2.901275897,"remaining_time":4.039575531},
{"learn":[4.43864001],"iteration":418,"passed_time":2.908256098,"remaining_time":4.032689243},
{"learn":[4.427704876],"iteration":419,"passed_time":2.915268029,"remaining_time":4.025846326},
{"learn":[4.4189569],"iteration":420,"passed_time":2.922189257,"remaining_time":4.018877861},
{"learn":[4.413164449],"iteration":421,"passed_time":2.928958697,"remaining_time":4.011701723},
{"learn":[4.405471098],"iteration":422,"passed_time":2.935812515,"remaining_time":4.004642603},
{"learn":[4.403944838],"iteration":423,"passed_time":2.94250099,"remaining_time":3.997359835},
{"learn":[4.393167538],"iteration":424,"passed_time":2.949319638,"remaining_time":3.990255981},
{"learn":[4.3818541],"iteration":425,"passed_time":2.956284626,"remaining_time":3.983350647},
{"learn":[4.373794628],"iteration":426,"passed_time":2.963080464,"remaining_time":3.976218046},
{"learn":[4.372421543],"iteration":427,"passed_time":2.969947111,"remaining_time":3.969181652},
{"learn":[4.366545917],"iteration":428,"passed_time":2.976869371,"remaining_time":3.962220072},
{"learn":[4.365314527],"iteration":429,"passed_time":2.983687132,"remaining_time":3.955120151},
{"learn":[4.354462451],"iteration":430,"passed_time":2.990498065,"remaining_time":3.948012527},
{"learn":[4.350375446],"iteration":431,"passed_time":2.997241567,"remaining_time":3.940817615},
{"learn":[4.34253149],"iteration":432,"passed_time":3.004108984,"remaining_time":3.933787053},
{"learn":[4.32952455],"iteration":433,"passed_time":3.011093603,"remaining_time":3.926910091},
{"learn":[4.324281594],"iteration":434,"passed_time":3.017840187,"remaining_time":3.919723462},
{"learn":[4.315823067],"iteration":435,"passed_time":3.024767625,"remaining_time":3.912772799},
{"learn":[4.306254256],"iteration":436,"passed_time":3.031437956,"remaining_time":3.905491005},
{"learn":[4.299135246],"iteration":437,"passed_time":3.0384747,"remaining_time":3.898682149},
{"learn":[4.290090511],"iteration":438,"passed_time":3.045208546,"remaining_time":3.891485181},
{"learn":[4.281996985],"iteration":439,"passed_time":3.052116769,"remaining_time":3.884512251},
{"learn":[4.272650273],"iteration":440,"passed_time":3.058929709,"remaining_time":3.877418838},
{"learn":[4.269261431],"iteration":441,"passed_time":3.065670405,"remaining_time":3.870235488},
{"learn":[4.265307354],"iteration":442,"passed_time":3.072560457,"remaining_time":3.863241929},
{"learn":[4.256111126],"iteration":443,"passed_time":3.079294812,"remaining_time":3.856053864},
{"learn":[4.244399616],"iteration":444,"passed_time":3.086187,"remaining_time":3.849064686},
{"learn":[4.232775726],"iteration":445,"passed_time":3.092910444,"remaining_time":3.841866337},
{"learn":[4.231216094],"iteration":446,"passed_time":3.099610352,"remaining_time":3.834640995},
{"learn":[4.219972861],"iteration":447,"passed_time":3.106607724,"remaining_time":3.827784517},
{"learn":[4.210234309],"iteration":448,"passed_time":3.11356797,"remaining_time":3.820881852},
{"learn":[4.203041578],"iteration":449,"passed_time":3.120588457,"remaining_time":3.814052558},
{"learn":[4.190639196],"iteration":450,"passed_time":3.127459632,"remaining_time":3.807040661},
{"learn":[4.178566601],"iteration":451,"passed_time":3.134550426,"remaining_time":3.80029565},
{"learn":[4.170411458],"iteration":452,"passed_time":3.14150527,"remaining_time":3.793384951},
{"learn":[4.157502046],"iteration":453,"passed_time":3.148675921,"remaining_time":3.786733597},
{"learn":[4.1510835],"iteration":454,"passed_time":3.155478471,"remaining_time":3.779639047},
{"learn":[4.139752328],"iteration":455,"passed_time":3.162414701,"remaining_time":3.772705258},
{"learn":[4.130898843],"iteration":456,"passed_time":3.169351814,"remaining_time":3.765772505},
{"learn":[4.129393732],"iteration":457,"passed_time":3.175988337,"remaining_time":3.758484015},
{"learn":[4.122218708],"iteration":458,"passed_time":3.182857266,"remaining_time":3.751472289},
{"learn":[4.112954219],"iteration":459,"passed_time":3.189718101,"remaining_time":3.744451683},
{"learn":[4.103494564],"iteration":460,"passed_time":3.196752579,"remaining_time":3.737634794},
{"learn":[4.102104211],"iteration":461,"passed_time":3.203626444,"remaining_time":3.730629929},
{"learn":[4.093147945],"iteration":462,"passed_time":3.210523595,"remaining_time":3.723652636},
{"learn":[4.085850469],"iteration":463,"passed_time":3.217612477,"remaining_time":3.716897172},
{"learn":[4.078013417],"iteration":464,"passed_time":3.22453973,"remaining_time":3.709954313},
{"learn":[4.065813059],"iteration":465,"passed_time":3.231572322,"remaining_time":3.703132231},
{"learn":[4.064034821],"iteration":466,"passed_time":3.238386204,"remaining_time":3.696059628},
{"learn":[4.062974459],"iteration":467,"passed_time":3.245054785,"remaining_time":3.68882296},
{"learn":[4.05556204],"iteration":468,"passed_time":3.252083724,"remaining_time":3.681996711},
{"learn":[4.053927536],"iteration":469,"passed_time":3.258890741,"remaining_time":3.674919347},
{"learn":[4.046857545],"iteration":470,"passed_time":3.265825712,"remaining_time":3.66798684},
{"learn":[4.035750505],"iteration":471,"passed_time":3.272580476,"remaining_time":3.660852736},
{"learn":[4.029185911],"iteration":472,"passed_time":3.279503332,"remaining_time":3.653907518},
{"learn":[4.021197837],"iteration":473,"passed_time":3.286458108,"remaining_time":3.646997816},
{"learn":[4.016784619],"iteration":474,"passed_time":3.293222847,"remaining_time":3.639877884},
{"learn":[4.007979033],"iteration":475,"passed_time":3.300026584,"remaining_time":3.632802374},
{"learn":[3.999804036],"iteration":476,"passed_time":3.306898824,"remaining_time":3.625803114},
{"learn":[3.998399541],"iteration":477,"passed_time":3.313622904,"remaining_time":3.618642586},
{"learn":[3.996481636],"iteration":478,"passed_time":3.32053191,"remaining_time":3.611685021},
{"learn":[3.987546788],"iteration":479,"passed_time":3.32731148,"remaining_time":3.604587437},
{"learn":[3.980375009],"iteration":480,"passed_time":3.334040627,"remaining_time":3.597436768},
{"learn":[3.972520454],"iteration":481,"passed_time":3.340961435,"remaining_time":3.590493824},
{"learn":[3.963784965],"iteration":482,"passed_time":3.3478656,"remaining_time":3.583533157},
{"learn":[3.962564698],"iteration":483,"passed_time":3.355477958,"remaining_time":3.577327741},
{"learn":[3.9525382],"iteration":484,"passed_time":3.36233168,"remaining_time":3.570310959},
{"learn":[3.947782064],"iteration":485,"passed_time":3.369170404,"remaining_time":3.563278987},
{"learn":[3.941146348],"iteration":486,"passed_time":3.376034414,"remaining_time":3.556274444},
{"learn":[3.93830049],"iteration":487,"passed_time":3.383194783,"remaining_time":3.549581412},
{"learn":[3.936732879],"iteration":488,"passed_time":3.390097048,"remaining_time":3.542616752},
{"learn":[3.93297738],"iteration":489,"passed_time":3.397085333,"remaining_time":3.535741878},
{"learn":[3.925920805],"iteration":490,"passed_time":3.403913023,"remaining_time":3.528700059},
{"learn":[3.925036692],"iteration":491,"passed_time":3.410612627,"remaining_time":3.521526858},
{"learn":[3.92415273],"iteration":492,"passed_time":3.417563151,"remaining_time":3.514613626},
{"learn":[3.915776782],"iteration":493,"passed_time":3.42424854,"remaining_time":3.507428667},
{"learn":[3.908006465],"iteration":494,"passed_time":3.431251342,"remaining_time":3.500569551},
{"learn":[3.906535967],"iteration":495,"passed_time":3.437910592,"remaining_time":3.493360762},
{"learn":[3.901525198],"iteration":496,"passed_time":3.444990468,"remaining_time":3.48657989},
{"learn":[3.899511617],"iteration":497,"passed_time":3.451671572,"remaining_time":3.479395841},
{"learn":[3.890590828],"iteration":498,"passed_time":3.45868969,"remaining_time":3.472552173},
{"learn":[3.889283045],"iteration":499,"passed_time":3.465548476,"remaining_time":3.465548476},
{"learn":[3.883107351],"iteration":500,"passed_time":3.472260393,"remaining_time":3.458399074},
{"learn":[3.87399038],"iteration":501,"passed_time":3.479302803,"remaining_time":3.451579275},
{"learn":[3.866118876],"iteration":502,"passed_time":3.486035456,"remaining_time":3.444452528},
{"learn":[3.859171336],"iteration":503,"passed_time":3.494231892,"remaining_time":3.438767894},
{"learn":[3.850564166],"iteration":504,"passed_time":3.506301446,"remaining_time":3.436869735},
{"learn":[3.845266056],"iteration":505,"passed_time":3.515464969,"remaining_time":3.432094259},
{"learn":[3.843715411],"iteration":506,"passed_time":3.523981292,"remaining_time":3.426672144},
{"learn":[3.83581028],"iteration":507,"passed_time":3.532208683,"remaining_time":3.420958015},
{"learn":[3.82694855],"iteration":508,"passed_time":3.539055327,"remaining_time":3.413902093},
{"learn":[3.823767456],"iteration":509,"passed_time":3.546853019,"remaining_time":3.407760743},
{"learn":[3.816868947],"iteration":510,"passed_time":3.55800452,"remaining_time":3.40482233},
{"learn":[3.812312296],"iteration":511,"passed_time":3.567735941,"remaining_time":3.400498319},
{"learn":[3.800113144],"iteration":512,"passed_time":3.579625897,"remaining_time":3.398202362},
{"learn":[3.794067981],"iteration":513,"passed_time":3.58906404,"remaining_time":3.393550824},
{"learn":[3.789013541],"iteration":514,"passed_time":3.597661599,"remaining_time":3.388089079},
{"learn":[3.781060583],"iteration":515,"passed_time":3.606559631,"remaining_time":3.382897018},
{"learn":[3.774528275],"iteration":516,"passed_time":3.615309916,"remaining_time":3.377552591},
{"learn":[3.76918493],"iteration":517,"passed_time":3.624297059,"remaining_time":3.37241541},
{"learn":[3.76133447],"iteration":518,"passed_time":3.633262417,"remaining_time":3.367243204},
{"learn":[3.760219381],"iteration":519,"passed_time":3.642116103,"remaining_time":3.361953326},
{"learn":[3.749786301],"iteration":520,"passed_time":3.651119378,"remaining_time":3.356787297},
{"learn":[3.746723672],"iteration":521,"passed_time":3.659550784,"remaining_time":3.351082902},
{"learn":[3.737595833],"iteration":522,"passed_time":3.6682066,"remaining_time":3.34557275},
{"learn":[3.734444443],"iteration":523,"passed_time":3.677439182,"remaining_time":3.340574524},
{"learn":[3.733731771],"iteration":524,"passed_time":3.689550287,"remaining_time":3.338164545},
{"learn":[3.731819881],"iteration":525,"passed_time":3.698663553,"remaining_time":3.333016205},
{"learn":[3.730936299],"iteration":526,"passed_time":3.707412672,"remaining_time":3.327525985},
{"learn":[3.723641624],"iteration":527,"passed_time":3.717311732,"remaining_time":3.323051397},
{"learn":[3.714776183],"iteration":528,"passed_time":3.726408654,"remaining_time":3.317842109},
{"learn":[3.706207197],"iteration":529,"passed_time":3.735811824,"remaining_time":3.312889731},
{"learn":[3.705318741],"iteration":530,"passed_time":3.745012428,"remaining_time":3.307741674},
{"learn":[3.697453567],"iteration":531,"passed_time":3.753975201,"remaining_time":3.302369162},
{"learn":[3.691751075],"iteration":532,"passed_time":3.764114133,"remaining_time":3.298013696},
{"learn":[3.690827789],"iteration":533,"passed_time":3.77346464,"remaining_time":3.292948543},
{"learn":[3.688990488],"iteration":534,"passed_time":3.782656106,"remaining_time":3.287729139},
{"learn":[3.68256222],"iteration":535,"passed_time":3.791904192,"remaining_time":3.282543927},
{"learn":[3.675547515],"iteration":536,"passed_time":3.80175667,"remaining_time":3.27786469},
{"learn":[3.67458369],"iteration":537,"passed_time":3.810620097,"remaining_time":3.272316887},
{"learn":[3.668106781],"iteration":538,"passed_time":3.819981013,"remaining_time":3.267182277},
{"learn":[3.667611313],"iteration":539,"passed_time":3.829047496,"remaining_time":3.261781201},
{"learn":[3.657478654],"iteration":540,"passed_time":3.837907354,"remaining_time":3.256191267},
{"learn":[3.649067901],"iteration":541,"passed_time":3.847145074,"remaining_time":3.250908568},
{"learn":[3.643738346],"iteration":542,"passed_time":3.856559123,"remaining_time":3.245759704},
{"learn":[3.642064223],"iteration":543,"passed_time":3.865795363,"remaining_time":3.240446113},
{"learn":[3.64008264],"iteration":544,"passed_time":3.875737569,"remaining_time":3.235707511},
{"learn":[3.630628911],"iteration":545,"passed_time":3.884537763,"remaining_time":3.230000265},
{"learn":[3.623178584],"iteration":546,"passed_time":3.893770969,"remaining_time":3.224640308},
{"learn":[3.617364205],"iteration":547,"passed_time":3.902838628,"remaining_time":3.219129671},
{"learn":[3.616308626],"iteration":548,"passed_time":3.912105365,"remaining_time":3.213769617},
{"learn":[3.615606172],"iteration":549,"passed_time":3.921242586,"remaining_time":3.208289389},
{"learn":[3.604828302],"iteration":550,"passed_time":3.930111836,"remaining_time":3.202577522},
{"learn":[3.596645493],"iteration":551,"passed_time":3.939552969,"remaining_time":3.197318352},
{"learn":[3.595865893],"iteration":552,"passed_time":3.948650803,"remaining_time":3.191766562},
{"learn":[3.589716946],"iteration":553,"passed_time":3.957596144,"remaining_time":3.186079206},
{"learn":[3.588883037],"iteration":554,"passed_time":3.966607172,"remaining_time":3.180432778},
{"learn":[3.581517383],"iteration":555,"passed_time":3.975957839,"remaining_time":3.175045469},
{"learn":[3.575088195],"iteration":556,"passed_time":3.984664406,"remaining_time":3.169131655},
{"learn":[3.570172468],"iteration":557,"passed_time":3.993353904,"remaining_time":3.163194311},
{"learn":[3.569574389],"iteration":558,"passed_time":4.002478538,"remaining_time":3.157590403},
{"learn":[3.55993662],"iteration":559,"passed_time":4.01130576,"remaining_time":3.15174024},
{"learn":[3.554133558],"iteration":560,"passed_time":4.020428804,"remaining_time":3.146110954},
{"learn":[3.545577672],"iteration":561,"passed_time":4.029504954,"remaining_time":3.140432686},
{"learn":[3.544847611],"iteration":562,"passed_time":4.038329311,"remaining_time":3.134546907},
{"learn":[3.543919149],"iteration":563,"passed_time":4.047564861,"remaining_time":3.12896858},
{"learn":[3.539722739],"iteration":564,"passed_time":4.058217126,"remaining_time":3.124468053},
{"learn":[3.531080249],"iteration":565,"passed_time":4.068457629,"remaining_time":3.119630054},
{"learn":[3.523831853],"iteration":566,"passed_time":4.078333915,"remaining_time":3.11449486},
{"learn":[3.523269037],"iteration":567,"passed_time":4.087296741,"remaining_time":3.108648226},
{"learn":[3.522758267],"iteration":568,"passed_time":4.096310359,"remaining_time":3.102829112},
{"learn":[3.51778376],"iteration":569,"passed_time":4.105841574,"remaining_time":3.097389258},
{"learn":[3.509697103],"iteration":570,"passed_time":4.114581532,"remaining_time":3.091340591},
{"learn":[3.507271112],"iteration":571,"passed_time":4.12458268,"remaining_time":3.086226201},
{"learn":[3.498262358],"iteration":572,"passed_time":4.132372754,"remaining_time":3.079447061},
{"learn":[3.4930893],"iteration":573,"passed_time":4.141526734,"remaining_time":3.073676635},
{"learn":[3.488094601],"iteration":574,"passed_time":4.150263915,"remaining_time":3.067586372},
{"learn":[3.4805303],"iteration":575,"passed_time":4.159205817,"remaining_time":3.061637615},
{"learn":[3.473469577],"iteration":576,"passed_time":4.173346001,"remaining_time":3.059489356},
{"learn":[3.472611733],"iteration":577,"passed_time":4.183069344,"remaining_time":3.05407485},
{"learn":[3.471754897],"iteration":578,"passed_time":4.192277959,"remaining_time":3.048271193},
{"learn":[3.465725872],"iteration":579,"passed_time":4.201343414,"remaining_time":3.042352127},
{"learn":[3.4623393],"iteration":580,"passed_time":4.21071099,"remaining_time":3.036640112},
{"learn":[3.457749305],"iteration":581,"passed_time":4.22068206,"remaining_time":3.031348971},
{"learn":[3.451033988],"iteration":582,"passed_time":4.22950115,"remaining_time":3.025217804},
{"learn":[3.443556756],"iteration":583,"passed_time":4.238584745,"remaining_time":3.019265846},
{"learn":[3.434957869],"iteration":584,"passed_time":4.247118035,"remaining_time":3.012912794},
{"learn":[3.430070808],"iteration":585,"passed_time":4.256025198,"remaining_time":3.006816437},
{"learn":[3.429074775],"iteration":586,"passed_time":4.264979873,"remaining_time":3.000743931},
{"learn":[3.423010545],"iteration":587,"passed_time":4.273694282,"remaining_time":2.994493272},
{"learn":[3.416052072],"iteration":588,"passed_time":4.282728348,"remaining_time":2.988457302},
{"learn":[3.409437251],"iteration":589,"passed_time":4.291582005,"remaining_time":2.9822858},
{"learn":[3.40893194],"iteration":590,"passed_time":4.300802818,"remaining_time":2.976359311},
{"learn":[3.402350638],"iteration":591,"passed_time":4.309942695,"remaining_time":2.970365912},
{"learn":[3.396532788],"iteration":592,"passed_time":4.319154744,"remaining_time":2.964411435},
{"learn":[3.393162297],"iteration":593,"passed_time":4.328147144,"remaining_time":2.958295859},
{"learn":[3.392561825],"iteration":594,"passed_time":4.337351156,"remaining_time":2.952314653},
{"learn":[3.388689477],"iteration":595,"passed_time":4.346123264,"remaining_time":2.946029863},
{"learn":[3.379777951],"iteration":596,"passed_time":4.355109387,"remaining_time":2.939881211},
{"learn":[3.378977945],"iteration":597,"passed_time":4.364006698,"remaining_time":2.933663366},
{"learn":[3.378555881],"iteration":598,"passed_time":4.372630121,"remaining_time":2.92725322},
{"learn":[3.378067392],"iteration":599,"passed_time":4.381422865,"remaining_time":2.920948577},
{"learn":[3.370696438],"iteration":600,"passed_time":4.392191077,"remaining_time":2.915947154},
{"learn":[3.365171633],"iteration":601,"passed_time":4.404398854,"remaining_time":2.911878312},
{"learn":[3.356851741],"iteration":602,"passed_time":4.413427856,"remaining_time":2.90568965},
{"learn":[3.350140421],"iteration":603,"passed_time":4.422344722,"remaining_time":2.899418063},
{"learn":[3.343098048],"iteration":604,"passed_time":4.435484087,"remaining_time":2.895894569},
{"learn":[3.33113104],"iteration":605,"passed_time":4.442614075,"remaining_time":2.888432253},
{"learn":[3.322610484],"iteration":606,"passed_time":4.449736156,"remaining_time":2.880965913},
{"learn":[3.312199125],"iteration":607,"passed_time":4.456559533,"remaining_time":2.87330812},
{"learn":[3.306578879],"iteration":608,"passed_time":4.463456967,"remaining_time":2.865700614},
{"learn":[3.302152443],"iteration":609,"passed_time":4.470354987,"remaining_time":2.858095811},
{"learn":[3.293409494],"iteration":610,"passed_time":4.477326222,"remaining_time":2.850539935},
{"learn":[3.285859731],"iteration":611,"passed_time":4.484833411,"remaining_time":2.843325757},
{"learn":[3.281102811],"iteration":612,"passed_time":4.491743398,"remaining_time":2.835733597},
{"learn":[3.277372699],"iteration":613,"passed_time":4.498673801,"remaining_time":2.828156494},
{"learn":[3.272149458],"iteration":614,"passed_time":4.505503542,"remaining_time":2.820518478},
{"learn":[3.268982497],"iteration":615,"passed_time":4.512420479,"remaining_time":2.812937442},
{"learn":[3.258197858],"iteration":616,"passed_time":4.519362151,"remaining_time":2.805373912},
{"learn":[3.257840995],"iteration":617,"passed_time":4.526269309,"remaining_time":2.797791061},
{"learn":[3.248602424],"iteration":618,"passed_time":4.533231847,"remaining_time":2.790244481},
{"learn":[3.248012614],"iteration":619,"passed_time":4.540072755,"remaining_time":2.782625237},
{"learn":[3.24725918],"iteration":620,"passed_time":4.54708518,"remaining_time":2.775113178},
{"learn":[3.238555647],"iteration":621,"passed_time":4.553969115,"remaining_time":2.767524639},
{"learn":[3.231517671],"iteration":622,"passed_time":4.560988877,"remaining_time":2.760020556},
{"learn":[3.222120296],"iteration":623,"passed_time":4.567938924,"remaining_time":2.752476018},
{"learn":[3.214588816],"iteration":624,"passed_time":4.575210577,"remaining_time":2.745126346},
{"learn":[3.209048297],"iteration":625,"passed_time":4.582293263,"remaining_time":2.737664026},
{"learn":[3.20436057],"iteration":626,"passed_time":4.589148473,"remaining_time":2.730067592},
{"learn":[3.198706412],"iteration":627,"passed_time":4.596094842,"remaining_time":2.722527518},
{"learn":[3.197287761],"iteration":628,"passed_time":4.602931153,"remaining_time":2.714924416},
{"learn":[3.196908609],"iteration":629,"passed_time":4.609839558,"remaining_time":2.707366089},
{"learn":[3.192382723],"iteration":630,"passed_time":4.616859838,"remaining_time":2.699875246},
{"learn":[3.185821905],"iteration":631,"passed_time":4.625744329,"remaining_time":2.693471381},
{"learn":[3.1791093],"iteration":632,"passed_time":4.632897759,"remaining_time":2.686056047},
{"learn":[3.170348675],"iteration":633,"passed_time":4.64142177,"remaining_time":2.679432757},
{"learn":[3.167542262],"iteration":634,"passed_time":4.64853122,"remaining_time":2.671990386},
{"learn":[3.160427631],"iteration":635,"passed_time":4.655369943,"remaining_time":2.664394118},
{"learn":[3.151374821],"iteration":636,"passed_time":4.662299756,"remaining_time":2.656852137},
{"learn":[3.146165585],"iteration":637,"passed_time":4.669221886,"remaining_time":2.649307716},
{"learn":[3.136978855],"iteration":638,"passed_time":4.676259166,"remaining_time":2.641830296},
{"learn":[3.13054848],"iteration":639,"passed_time":4.683172252,"remaining_time":2.634284392},
{"learn":[3.129047156],"iteration":640,"passed_time":4.689992593,"remaining_time":2.626688519},
{"learn":[3.122693678],"iteration":641,"passed_time":4.696702156,"remaining_time":2.619033289},
{"learn":[3.116008124],"iteration":642,"passed_time":4.70358936,"remaining_time":2.611479629},
{"learn":[3.113213291],"iteration":643,"passed_time":4.710430393,"remaining_time":2.603902516},
{"learn":[3.106328851],"iteration":644,"passed_time":4.717075157,"remaining_time":2.59621966},
{"learn":[3.101301199],"iteration":645,"passed_time":4.724019356,"remaining_time":2.588704105},
{"learn":[3.094197965],"iteration":646,"passed_time":4.730880053,"remaining_time":2.581144758},
{"learn":[3.087994548],"iteration":647,"passed_time":4.737856253,"remaining_time":2.57365031},
{"learn":[3.082185729],"iteration":648,"passed_time":4.744619309,"remaining_time":2.566042184},
{"learn":[3.080635361],"iteration":649,"passed_time":4.751228669,"remaining_time":2.558353899},
{"learn":[3.074552928],"iteration":650,"passed_time":4.758153072,"remaining_time":2.550837822},
{"learn":[3.067391669],"iteration":651,"passed_time":4.765105471,"remaining_time":2.543338503},
{"learn":[3.061074088],"iteration":652,"passed_time":4.772393263,"remaining_time":2.536019084},
{"learn":[3.054203879],"iteration":653,"passed_time":4.779174868,"remaining_time":2.528431964},
{"learn":[3.045990881],"iteration":654,"passed_time":4.786129277,"remaining_time":2.520938321},
{"learn":[3.045553601],"iteration":655,"passed_time":4.792860636,"remaining_time":2.513329358},
{"learn":[3.040484169],"iteration":656,"passed_time":4.799706938,"remaining_time":2.505783074},
{"learn":[3.037042938],"iteration":657,"passed_time":4.806641255,"remaining_time":2.498284665},
{"learn":[3.036545929],"iteration":658,"passed_time":4.813340218,"remaining_time":2.490666183},
{"learn":[3.028744917],"iteration":659,"passed_time":4.820153657,"remaining_time":2.48310946},
{"learn":[3.023402622],"iteration":660,"passed_time":4.82719752,"remaining_time":2.475673161},
{"learn":[3.020298728],"iteration":661,"passed_time":4.833954669,"remaining_time":2.468091659},
{"learn":[3.0126946],"iteration":662,"passed_time":4.841058572,"remaining_time":2.460688897},
{"learn":[3.00739016],"iteration":663,"passed_time":4.847993799,"remaining_time":2.453201681},
{"learn":[3.004068961],"iteration":664,"passed_time":4.854795614,"remaining_time":2.445648918},
{"learn":[2.998671586],"iteration":665,"passed_time":4.861719912,"remaining_time":2.438159836},
{"learn":[2.993415202],"iteration":666,"passed_time":4.868544278,"remaining_time":2.430622556},
{"learn":[2.987471744],"iteration":667,"passed_time":4.875446136,"remaining_time":2.423125924},
{"learn":[2.983196753],"iteration":668,"passed_time":4.882334317,"remaining_time":2.415624303},
{"learn":[2.982710386],"iteration":669,"passed_time":4.889129812,"remaining_time":2.408078863},
{"learn":[2.97724205],"iteration":670,"passed_time":4.895886974,"remaining_time":2.400516862},
{"learn":[2.972552484],"iteration":671,"passed_time":4.902718012,"remaining_time":2.392993315},
{"learn":[2.965894256],"iteration":672,"passed_time":4.911074148,"remaining_time":2.386212848},
{"learn":[2.959493088],"iteration":673,"passed_time":4.917768011,"remaining_time":2.378623697},
{"learn":[2.95557933],"iteration":674,"passed_time":4.925315599,"remaining_time":2.371448251},
{"learn":[2.951455336],"iteration":675,"passed_time":4.932114118,"remaining_time":2.363912684},
{"learn":[2.945018999],"iteration":676,"passed_time":4.939108302,"remaining_time":2.356472646},
{"learn":[2.939924439],"iteration":677,"passed_time":4.946069618,"remaining_time":2.349018314},
{"learn":[2.933399177],"iteration":678,"passed_time":4.953050515,"remaining_time":2.341574691},
{"learn":[2.932606378],"iteration":679,"passed_time":4.959894495,"remaining_time":2.334067997},
{"learn":[2.926690629],"iteration":680,"passed_time":4.966805,"remaining_time":2.326594412},
{"learn":[2.922737998],"iteration":681,"passed_time":4.973772554,"remaining_time":2.31914908},
{"learn":[2.917679934],"iteration":682,"passed_time":4.980652192,"remaining_time":2.311664341},
{"learn":[2.913599085],"iteration":683,"passed_time":4.987523331,"remaining_time":2.304177445},
{"learn":[2.907745898],"iteration":684,"passed_time":4.994477462,"remaining_time":2.296730512},
{"learn":[2.903221344],"iteration":685,"passed_time":5.001204661,"remaining_time":2.289181142},
{"learn":[2.902767854],"iteration":686,"passed_time":5.007832294,"remaining_time":2.281588803},
{"learn":[2.896858136],"iteration":687,"passed_time":5.014785417,"remaining_time":2.274146875},
{"learn":[2.895908495],"iteration":688,"passed_time":5.021818027,"remaining_time":2.266742245},
{"learn":[2.894943422],"iteration":689,"passed_time":5.0286493,"remaining_time":2.259248236},
{"learn":[2.886765722],"iteration":690,"passed_time":5.035716953,"remaining_time":2.25186185},
{"learn":[2.881255124],"iteration":691,"passed_time":5.042511377,"remaining_time":2.244354775},
{"learn":[2.873408146],"iteration":692,"passed_time":5.049404405,"remaining_time":2.236893438},
{"learn":[2.869622692],"iteration":693,"passed_time":5.056118232,"remaining_time":2.229354725},
{"learn":[2.86464335],"iteration":694,"passed_time":5.063090643,"remaining_time":2.221931865},
{"learn":[2.860265939],"iteration":695,"passed_time":5.069931008,"remaining_time":2.214452624},
{"learn":[2.853664544],"iteration":696,"passed_time":5.076811748,"remaining_time":2.206992768},
{"learn":[2.848197565],"iteration":697,"passed_time":5.083651735,"remaining_time":2.19951694},
{"learn":[2.844873941],"iteration":698,"passed_time":5.090521214,"remaining_time":2.19205563},
{"learn":[2.839164649],"iteration":699,"passed_time":5.097427563,"remaining_time":2.184611813},
{"learn":[2.833764179],"iteration":700,"passed_time":5.104401316,"remaining_time":2.177198279},
{"learn":[2.826795863],"iteration":701,"passed_time":5.111400621,"remaining_time":2.169796845},
{"learn":[2.826314272],"iteration":702,"passed_time":5.118329866,"remaining_time":2.162366956},
{"learn":[2.821092436],"iteration":703,"passed_time":5.125142442,"remaining_time":2.154889436},
{"learn":[2.818965142],"iteration":704,"passed_time":5.132011107,"remaining_time":2.147437272},
{"learn":[2.812751032],"iteration":705,"passed_time":5.139003077,"remaining_time":2.140038109},
{"learn":[2.810331421],"iteration":706,"passed_time":5.145815754,"remaining_time":2.132565793},
{"learn":[2.808054307],"iteration":707,"passed_time":5.15269678,"remaining_time":2.125123531},
{"learn":[2.803848102],"iteration":708,"passed_time":5.15972421,"remaining_time":2.117742941},
{"learn":[2.796855629],"iteration":709,"passed_time":5.166630001,"remaining_time":2.110313662},
{"learn":[2.791791567],"iteration":710,"passed_time":5.173429545,"remaining_time":2.10284267},
{"learn":[2.787649734],"iteration":711,"passed_time":5.180152277,"remaining_time":2.095342494},
{"learn":[2.783082375],"iteration":712,"passed_time":5.186944636,"remaining_time":2.087872525},
{"learn":[2.782594626],"iteration":713,"passed_time":5.193759116,"remaining_time":2.080413315},
{"learn":[2.779735282],"iteration":714,"passed_time":5.200648791,"remaining_time":2.072985882},
{"learn":[2.776297614],"iteration":715,"passed_time":5.207566639,"remaining_time":2.065571125},
{"learn":[2.775788827],"iteration":716,"passed_time":5.214541964,"remaining_time":2.05818044},
{"learn":[2.769639655],"iteration":717,"passed_time":5.22144486,"remaining_time":2.050762466},
{"learn":[2.765320206],"iteration":718,"passed_time":5.228339906,"remaining_time":2.043342856},
{"learn":[2.758900156],"iteration":719,"passed_time":5.235313661,"remaining_time":2.035955312},
{"learn":[2.752476713],"iteration":720,"passed_time":5.24219588,"remaining_time":2.028533496},
{"learn":[2.746007468],"iteration":721,"passed_time":5.248955931,"remaining_time":2.021066134},
{"learn":[2.741189428],"iteration":722,"passed_time":5.255778148,"remaining_time":2.013624547},
{"learn":[2.737585796],"iteration":723,"passed_time":5.26274085,"remaining_time":2.006238225},
{"learn":[2.733418374],"iteration":724,"passed_time":5.269521062,"remaining_time":1.998783851},
{"learn":[2.726613313],"iteration":725,"passed_time":5.276331964,"remaining_time":1.991342917},
{"learn":[2.726267812],"iteration":726,"passed_time":5.283031748,"remaining_time":1.983861991},
{"learn":[2.722193634],"iteration":727,"passed_time":5.289817975,"remaining_time":1.976415507},
{"learn":[2.720892915],"iteration":728,"passed_time":5.296640181,"remaining_time":1.96898421},
{"learn":[2.719497607],"iteration":729,"passed_time":5.303443552,"remaining_time":1.961547615},
{"learn":[2.719062485],"iteration":730,"passed_time":5.310106069,"remaining_time":1.95406092},
{"learn":[2.71864727],"iteration":731,"passed_time":5.317015102,"remaining_time":1.946666731},
{"learn":[2.716574752],"iteration":732,"passed_time":5.323960505,"remaining_time":1.939287114},
{"learn":[2.716169452],"iteration":733,"passed_time":5.330817653,"remaining_time":1.931876697},
{"learn":[2.708868485],"iteration":734,"passed_time":5.337736905,"remaining_time":1.924490177},
{"learn":[2.702369786],"iteration":735,"passed_time":5.344545565,"remaining_time":1.917065257},
{"learn":[2.700250769],"iteration":736,"passed_time":5.351261199,"remaining_time":1.909608813},
{"learn":[2.697892028],"iteration":737,"passed_time":5.358122067,"remaining_time":1.902205937},
{"learn":[2.69158977],"iteration":738,"passed_time":5.365027795,"remaining_time":1.894820371},
{"learn":[2.687236874],"iteration":739,"passed_time":5.371871555,"remaining_time":1.88741433},
{"learn":[2.682073358],"iteration":740,"passed_time":5.378894154,"remaining_time":1.880072316},
{"learn":[2.677372444],"iteration":741,"passed_time":5.385826128,"remaining_time":1.872699651},
{"learn":[2.671476667],"iteration":742,"passed_time":5.392703052,"remaining_time":1.865309131},
{"learn":[2.665988811],"iteration":743,"passed_time":5.399596764,"remaining_time":1.857925768},
{"learn":[2.665177374],"iteration":744,"passed_time":5.40651609,"remaining_time":1.850552487},
{"learn":[2.658840554],"iteration":745,"passed_time":5.41338327,"remaining_time":1.843162668},
{"learn":[2.652697308],"iteration":746,"passed_time":5.420230629,"remaining_time":1.835767536},
{"learn":[2.644512532],"iteration":747,"passed_time":5.427079817,"remaining_time":1.828374484},
{"learn":[2.637193591],"iteration":748,"passed_time":5.43512674,"remaining_time":1.821384261},
{"learn":[2.630126539],"iteration":749,"passed_time":5.442014135,"remaining_time":1.814004712},
{"learn":[2.625889124],"iteration":750,"passed_time":5.449296835,"remaining_time":1.806757539},
{"learn":[2.624124948],"iteration":751,"passed_time":5.4560993,"remaining_time":1.799351897},
{"learn":[2.623626501],"iteration":752,"passed_time":5.46310207,"remaining_time":1.792013561},
{"learn":[2.617724235],"iteration":753,"passed_time":5.470066252,"remaining_time":1.784663525},
{"learn":[2.612790707],"iteration":754,"passed_time":5.47682493,"remaining_time":1.777247825},
{"learn":[2.607923372],"iteration":755,"passed_time":5.48380524,"remaining_time":1.769905395},
{"learn":[2.602726194],"iteration":756,"passed_time":5.490549401,"remaining_time":1.762488117},
{"learn":[2.599302146],"iteration":757,"passed_time":5.497421218,"remaining_time":1.75511337},
{"learn":[2.594820546],"iteration":758,"passed_time":5.504403667,"remaining_time":1.747775077},
{"learn":[2.588832625],"iteration":759,"passed_time":5.51133564,"remaining_time":1.740421781},
{"learn":[2.584189543],"iteration":760,"passed_time":5.518435011,"remaining_time":1.733122165},
{"learn":[2.577934448],"iteration":761,"passed_time":5.525149625,"remaining_time":1.725702901},
{"learn":[2.575616345],"iteration":762,"passed_time":5.531903294,"remaining_time":1.718297616},
{"learn":[2.572906699],"iteration":763,"passed_time":5.538702005,"remaining_time":1.710907949},
{"learn":[2.572229664],"iteration":764,"passed_time":5.54578626,"remaining_time":1.703607544},
{"learn":[2.567050279],"iteration":765,"passed_time":5.552686162,"remaining_time":1.696251386},
{"learn":[2.563364524],"iteration":766,"passed_time":5.559473057,"remaining_time":1.688862089},
{"learn":[2.557673297],"iteration":767,"passed_time":5.566224597,"remaining_time":1.68146368},
{"learn":[2.553453791],"iteration":768,"passed_time":5.573141271,"remaining_time":1.674116559},
{"learn":[2.548632639],"iteration":769,"passed_time":5.580078826,"remaining_time":1.666776792},
{"learn":[2.546214151],"iteration":770,"passed_time":5.586902019,"remaining_time":1.659404102},
{"learn":[2.540343832],"iteration":771,"passed_time":5.593888872,"remaining_time":1.652081169},
{"learn":[2.539731822],"iteration":772,"passed_time":5.600555541,"remaining_time":1.644665081},
{"learn":[2.534382506],"iteration":773,"passed_time":5.607414015,"remaining_time":1.637306934},
{"learn":[2.529901336],"iteration":774,"passed_time":5.614353499,"remaining_time":1.629973596},
{"learn":[2.528768818],"iteration":775,"passed_time":5.621193912,"remaining_time":1.622612676},
{"learn":[2.52353494],"iteration":776,"passed_time":5.628149624,"remaining_time":1.615286185},
{"learn":[2.520260613],"iteration":777,"passed_time":5.635068596,"remaining_time":1.607950165},
{"learn":[2.514400203],"iteration":778,"passed_time":5.641889912,"remaining_time":1.60058751},
{"learn":[2.509634401],"iteration":779,"passed_time":5.649275417,"remaining_time":1.593385374},
{"learn":[2.507287681],"iteration":780,"passed_time":5.656408962,"remaining_time":1.586112116},
{"learn":[2.5012444],"iteration":781,"passed_time":5.663270745,"remaining_time":1.578763456},
{"learn":[2.496687784],"iteration":782,"passed_time":5.670107143,"remaining_time":1.571409004},
{"learn":[2.492524107],"iteration":783,"passed_time":5.677101686,"remaining_time":1.564099444},
{"learn":[2.484758896],"iteration":784,"passed_time":5.683833918,"remaining_time":1.556718844},
{"learn":[2.479570835],"iteration":785,"passed_time":5.690600242,"remaining_time":1.549349175},
{"learn":[2.473131984],"iteration":786,"passed_time":5.697323878,"remaining_time":1.541969487},
{"learn":[2.468511063],"iteration":787,"passed_time":5.704072859,"remaining_time":1.534598282},
{"learn":[2.461915172],"iteration":788,"passed_time":5.711040988,"remaining_time":1.52728726},
{"learn":[2.457101254],"iteration":789,"passed_time":5.717867622,"remaining_time":1.519939495},
{"learn":[2.456744498],"iteration":790,"passed_time":5.724748862,"remaining_time":1.512607474},
{"learn":[2.45158014],"iteration":791,"passed_time":5.731540736,"remaining_time":1.505253123},
{"learn":[2.447381454],"iteration":792,"passed_time":5.738472793,"remaining_time":1.497936782},
{"learn":[2.444998214],"iteration":793,"passed_time":5.745314615,"remaining_time":1.490597998},
{"learn":[2.43960065],"iteration":794,"passed_time":5.752036375,"remaining_time":1.483229505},
{"learn":[2.433522588],"iteration":795,"passed_time":5.758931637,"remaining_time":1.475907103},
{"learn":[2.431449649],"iteration":796,"passed_time":5.765813675,"remaining_time":1.468582404},
{"learn":[2.42596353],"iteration":797,"passed_time":5.772797416,"remaining_time":1.461284559},
{"learn":[2.422495701],"iteration":798,"passed_time":5.779604547,"remaining_time":1.453943071},
{"learn":[2.419070266],"iteration":799,"passed_time":5.786304246,"remaining_time":1.446576061},
{"learn":[2.414535611],"iteration":800,"passed_time":5.793134391,"remaining_time":1.439243126},
{"learn":[2.411997683],"iteration":801,"passed_time":5.800040335,"remaining_time":1.431930157},
{"learn":[2.407498177],"iteration":802,"passed_time":5.806917279,"remaining_time":1.424611088},
{"learn":[2.403072314],"iteration":803,"passed_time":5.813708176,"remaining_time":1.417272142},
{"learn":[2.399437884],"iteration":804,"passed_time":5.820457168,"remaining_time":1.409924407},
{"learn":[2.392901682],"iteration":805,"passed_time":5.827193841,"remaining_time":1.402575192},
{"learn":[2.389128713],"iteration":806,"passed_time":5.834205047,"remaining_time":1.395293153},
{"learn":[2.383861871],"iteration":807,"passed_time":5.841211627,"remaining_time":1.388010684},
{"learn":[2.379435912],"iteration":808,"passed_time":5.848044752,"remaining_time":1.380687945},
{"learn":[2.374584359],"iteration":809,"passed_time":5.854880272,"remaining_time":1.373366977},
{"learn":[2.373050199],"iteration":810,"passed_time":5.861794506,"remaining_time":1.366065551},
{"learn":[2.370040765],"iteration":811,"passed_time":5.868816041,"remaining_time":1.358789921},
{"learn":[2.365187532],"iteration":812,"passed_time":5.875611169,"remaining_time":1.35146284},
{"learn":[2.361749556],"iteration":813,"passed_time":5.88231903,"remaining_time":1.344117125},
{"learn":[2.355463464],"iteration":814,"passed_time":5.889340601,"remaining_time":1.336844185},
{"learn":[2.350106242],"iteration":815,"passed_time":5.896369771,"remaining_time":1.329573576},
{"learn":[2.343415657],"iteration":816,"passed_time":5.903065769,"remaining_time":1.32222893},
{"learn":[2.340268968],"iteration":817,"passed_time":5.909888815,"remaining_time":1.314914137},
{"learn":[2.335265705],"iteration":818,"passed_time":5.916707741,"remaining_time":1.307599635},
{"learn":[2.332042784],"iteration":819,"passed_time":5.923587695,"remaining_time":1.300299738},
{"learn":[2.327949584],"iteration":820,"passed_time":5.930608781,"remaining_time":1.293031634},
{"learn":[2.324755758],"iteration":821,"passed_time":5.937532637,"remaining_time":1.285743077},
{"learn":[2.317717591],"iteration":822,"passed_time":5.944214796,"remaining_time":1.278403425},
{"learn":[2.313145613],"iteration":823,"passed_time":5.950935369,"remaining_time":1.271073574},
{"learn":[2.306031468],"iteration":824,"passed_time":5.958604694,"remaining_time":1.26394645},
{"learn":[2.301326554],"iteration":825,"passed_time":5.965563433,"remaining_time":1.256668326},
{"learn":[2.297827937],"iteration":826,"passed_time":5.973141308,"remaining_time":1.249520491},
{"learn":[2.293006659],"iteration":827,"passed_time":5.979948148,"remaining_time":1.242211451},
{"learn":[2.286530701],"iteration":828,"passed_time":5.987451644,"remaining_time":1.235047323},
{"learn":[2.282974144],"iteration":829,"passed_time":5.994476413,"remaining_time":1.227784325},
{"learn":[2.277119489],"iteration":830,"passed_time":6.001324793,"remaining_time":1.220486029},
{"learn":[2.271614197],"iteration":831,"passed_time":6.008127301,"remaining_time":1.213179551},
{"learn":[2.267502378],"iteration":832,"passed_time":6.015170077,"remaining_time":1.205922452},
{"learn":[2.264604297],"iteration":833,"passed_time":6.023631688,"remaining_time":1.198948274},
{"learn":[2.259188276],"iteration":834,"passed_time":6.032035921,"remaining_time":1.191959194},
{"learn":[2.254862139],"iteration":835,"passed_time":6.039700404,"remaining_time":1.18482161},
{"learn":[2.251539372],"iteration":836,"passed_time":6.046582518,"remaining_time":1.177530407},
{"learn":[2.248029863],"iteration":837,"passed_time":6.053746856,"remaining_time":1.170294738},
{"learn":[2.24385427],"iteration":838,"passed_time":6.060690007,"remaining_time":1.163016795},
{"learn":[2.239728882],"iteration":839,"passed_time":6.067944726,"remaining_time":1.155798995},
{"learn":[2.236697187],"iteration":840,"passed_time":6.074972415,"remaining_time":1.148538185},
{"learn":[2.232290157],"iteration":841,"passed_time":6.081912312,"remaining_time":1.141261455},
{"learn":[2.230414988],"iteration":842,"passed_time":6.088610129,"remaining_time":1.133940439},
{"learn":[2.228250826],"iteration":843,"passed_time":6.095476781,"remaining_time":1.126652106},
{"learn":[2.223829625],"iteration":844,"passed_time":6.102445383,"remaining_time":1.119383473},
{"learn":[2.220829872],"iteration":845,"passed_time":6.109389328,"remaining_time":1.11211106},
{"learn":[2.218001491],"iteration":846,"passed_time":6.11609489,"remaining_time":1.104796361},
{"learn":[2.215826541],"iteration":847,"passed_time":6.122922386,"remaining_time":1.097504956},
{"learn":[2.213451043],"iteration":848,"passed_time":6.129727392,"remaining_time":1.090210643},
{"learn":[2.209447788],"iteration":849,"passed_time":6.136501042,"remaining_time":1.082911949},
{"learn":[2.207230454],"iteration":850,"passed_time":6.143519306,"remaining_time":1.075657317},
{"learn":[2.203776291],"iteration":851,"passed_time":6.150252445,"remaining_time":1.068353711},
{"learn":[2.200102391],"iteration":852,"passed_time":6.156975773,"remaining_time":1.061049752},
{"learn":[2.195650785],"iteration":853,"passed_time":6.163884867,"remaining_time":1.053778912},
{"learn":[2.190860624],"iteration":854,"passed_time":6.170886509,"remaining_time":1.046524613},
{"learn":[2.188755851],"iteration":855,"passed_time":6.177578038,"remaining_time":1.039218735},
{"learn":[2.185014203],"iteration":856,"passed_time":6.184382437,"remaining_time":1.031933125},
{"learn":[2.182136074],"iteration":857,"passed_time":6.191281429,"remaining_time":1.024664292},
{"learn":[2.181013057],"iteration":858,"passed_time":6.198178181,"remaining_time":1.017395953},
{"learn":[2.179752789],"iteration":859,"passed_time":6.205010308,"remaining_time":1.010117957},
{"learn":[2.176427347],"iteration":860,"passed_time":6.211781931,"remaining_time":1.002831229},
{"learn":[2.172001796],"iteration":861,"passed_time":6.2185808,"remaining_time":0.9955500585},
{"learn":[2.166421017],"iteration":862,"passed_time":6.225410147,"remaining_time":0.9882748437},
{"learn":[2.163432937],"iteration":863,"passed_time":6.232367422,"remaining_time":0.9810207978},
{"learn":[2.160492079],"iteration":864,"passed_time":6.239105744,"remaining_time":0.9737332665},
{"learn":[2.159953173],"iteration":865,"passed_time":6.245916599,"remaining_time":0.9664582266},
{"learn":[2.15591797],"iteration":866,"passed_time":6.252795743,"remaining_time":0.9591947333},
{"learn":[2.154249118],"iteration":867,"passed_time":6.259554176,"remaining_time":0.9519137687},
{"learn":[2.150105729],"iteration":868,"passed_time":6.266496264,"remaining_time":0.9446616923},
{"learn":[2.145102778],"iteration":869,"passed_time":6.273492262,"remaining_time":0.937418384},
{"learn":[2.141999111],"iteration":870,"passed_time":6.280445813,"remaining_time":0.9301693569},
{"learn":[2.136413105],"iteration":871,"passed_time":6.287080287,"remaining_time":0.9228741706},
{"learn":[2.131915915],"iteration":872,"passed_time":6.294106562,"remaining_time":0.9156374952},
{"learn":[2.127160425],"iteration":873,"passed_time":6.301012185,"remaining_time":0.9083839077},
{"learn":[2.122939261],"iteration":874,"passed_time":6.307845818,"remaining_time":0.9011208311},
{"learn":[2.119147236],"iteration":875,"passed_time":6.314582481,"remaining_time":0.8938450087},
{"learn":[2.116919838],"iteration":876,"passed_time":6.321315759,"remaining_time":0.8865699411},
{"learn":[2.116663144],"iteration":877,"passed_time":6.328094381,"remaining_time":0.8793024083},
{"learn":[2.1133864],"iteration":878,"passed_time":6.334906795,"remaining_time":0.8720406395},
{"learn":[2.110667353],"iteration":879,"passed_time":6.341800197,"remaining_time":0.864790936},
{"learn":[2.108013742],"iteration":880,"passed_time":6.348651291,"remaining_time":0.8575363265},
{"learn":[2.105126432],"iteration":881,"passed_time":6.355567549,"remaining_time":0.8502913501},
{"learn":[2.10259832],"iteration":882,"passed_time":6.36224606,"remaining_time":0.8430156161},
{"learn":[2.102305068],"iteration":883,"passed_time":6.368903793,"remaining_time":0.8357385068},
{"learn":[2.09705606],"iteration":884,"passed_time":6.375623708,"remaining_time":0.8284708773},
{"learn":[2.096436005],"iteration":885,"passed_time":6.38234137,"remaining_time":0.8212041943},
{"learn":[2.093103045],"iteration":886,"passed_time":6.389245613,"remaining_time":0.8139625189},
{"learn":[2.090828558],"iteration":887,"passed_time":6.396113384,"remaining_time":0.8067170034},
{"learn":[2.084642734],"iteration":888,"passed_time":6.402854658,"remaining_time":0.7994565433},
{"learn":[2.08436102],"iteration":889,"passed_time":6.409744231,"remaining_time":0.7922155791},
{"learn":[2.08142787],"iteration":890,"passed_time":6.416764419,"remaining_time":0.7849913824},
{"learn":[2.078787588],"iteration":891,"passed_time":6.423624894,"remaining_time":0.7777483055},
{"learn":[2.074988981],"iteration":892,"passed_time":6.430799546,"remaining_time":0.7705437306},
{"learn":[2.070669133],"iteration":893,"passed_time":6.437656494,"remaining_time":0.763301553},
{"learn":[2.066991601],"iteration":894,"passed_time":6.444709656,"remaining_time":0.7560832557},
{"learn":[2.065575814],"iteration":895,"passed_time":6.451696211,"remaining_time":0.7488575959},
{"learn":[2.060386759],"iteration":896,"passed_time":6.458842491,"remaining_time":0.7416508101},
{"learn":[2.059925002],"iteration":897,"passed_time":6.465950614,"remaining_time":0.7344398247},
{"learn":[2.056767342],"iteration":898,"passed_time":6.472871189,"remaining_time":0.7272079979},
{"learn":[2.054466339],"iteration":899,"passed_time":6.480888757,"remaining_time":0.7200987508},
{"learn":[2.050045101],"iteration":900,"passed_time":6.48758726,"remaining_time":0.7128425513},
{"learn":[2.043915387],"iteration":901,"passed_time":6.494915391,"remaining_time":0.7056559959},
{"learn":[2.041446339],"iteration":902,"passed_time":6.501790658,"remaining_time":0.6984204804},
{"learn":[2.039314385],"iteration":903,"passed_time":6.508789902,"remaining_time":0.6911989277},
{"learn":[2.035435649],"iteration":904,"passed_time":6.51579064,"remaining_time":0.683978023},
{"learn":[2.033097184],"iteration":905,"passed_time":6.523145701,"remaining_time":0.6767943663},
{"learn":[2.032440018],"iteration":906,"passed_time":6.529997091,"remaining_time":0.6695586874},
{"learn":[2.029491524],"iteration":907,"passed_time":6.536729457,"remaining_time":0.6623117952},
{"learn":[2.02872483],"iteration":908,"passed_time":6.543827103,"remaining_time":0.6551026033},
{"learn":[2.024468744],"iteration":909,"passed_time":6.55081521,"remaining_time":0.647882823},
{"learn":[2.021444993],"iteration":910,"passed_time":6.55752163,"remaining_time":0.6406360319},
{"learn":[2.020921653],"iteration":911,"passed_time":6.564433097,"remaining_time":0.6334102111},
{"learn":[2.017493952],"iteration":912,"passed_time":6.571274923,"remaining_time":0.6261784428},
{"learn":[2.017069903],"iteration":913,"passed_time":6.578043186,"remaining_time":0.6189406061},
{"learn":[2.014894848],"iteration":914,"passed_time":6.584933014,"remaining_time":0.6117150887},
{"learn":[2.007926853],"iteration":915,"passed_time":6.591828544,"remaining_time":0.6044908272},
{"learn":[2.005652432],"iteration":916,"passed_time":6.598528678,"remaining_time":0.5972495968},
{"learn":[2.002338815],"iteration":917,"passed_time":6.605423083,"remaining_time":0.5900268985},
{"learn":[1.99723331],"iteration":918,"passed_time":6.612163247,"remaining_time":0.58279132},
{"learn":[1.992451094],"iteration":919,"passed_time":6.61919487,"remaining_time":0.5755821626},
{"learn":[1.987860051],"iteration":920,"passed_time":6.626292033,"remaining_time":0.5683790126},
{"learn":[1.983972708],"iteration":921,"passed_time":6.633344598,"remaining_time":0.5611723196},
{"learn":[1.982489747],"iteration":922,"passed_time":6.640027639,"remaining_time":0.5539351335},
{"learn":[1.97695986],"iteration":923,"passed_time":6.647230908,"remaining_time":0.5467419362},
{"learn":[1.97444304],"iteration":924,"passed_time":6.654053151,"remaining_time":0.539517823},
{"learn":[1.971415493],"iteration":925,"passed_time":6.660995767,"remaining_time":0.5323041974},
{"learn":[1.967736077],"iteration":926,"passed_time":6.667747288,"remaining_time":0.5250761079},
{"learn":[1.962873005],"iteration":927,"passed_time":6.674692243,"remaining_time":0.5178640534},
{"learn":[1.960420374],"iteration":928,"passed_time":6.681477398,"remaining_time":0.5106403609},
{"learn":[1.958006598],"iteration":929,"passed_time":6.6881929,"remaining_time":0.5034123688},
{"learn":[1.955928523],"iteration":930,"passed_time":6.695010087,"remaining_time":0.4961930139},
{"learn":[1.952091752],"iteration":931,"passed_time":6.701692961,"remaining_time":0.4889647225},
{"learn":[1.94918157],"iteration":932,"passed_time":6.70854651,"remaining_time":0.4817498565},
{"learn":[1.948990825],"iteration":933,"passed_time":6.715310217,"remaining_time":0.4745294158},
{"learn":[1.944354531],"iteration":934,"passed_time":6.722351579,"remaining_time":0.4673292542},
{"learn":[1.93811112],"iteration":935,"passed_time":6.729670017,"remaining_time":0.4601483772},
{"learn":[1.93598563],"iteration":936,"passed_time":6.736671654,"remaining_time":0.4529459063},
{"learn":[1.932740173],"iteration":937,"passed_time":6.743573529,"remaining_time":0.4457372695},
{"learn":[1.928359473],"iteration":938,"passed_time":6.750283332,"remaining_time":0.4385168086},
{"learn":[1.927058671],"iteration":939,"passed_time":6.757135249,"remaining_time":0.4313065053},
{"learn":[1.923913897],"iteration":940,"passed_time":6.764103162,"remaining_time":0.4241042365},
{"learn":[1.921018375],"iteration":941,"passed_time":6.770820118,"remaining_time":0.4168870137},
{"learn":[1.918600851],"iteration":942,"passed_time":6.777658654,"remaining_time":0.4096782007},
{"learn":[1.917219456],"iteration":943,"passed_time":6.784547574,"remaining_time":0.4024731612},
{"learn":[1.912846632],"iteration":944,"passed_time":6.791390206,"remaining_time":0.3952660966},
{"learn":[1.911154103],"iteration":945,"passed_time":6.798316209,"remaining_time":0.3880645616},
{"learn":[1.910866934],"iteration":946,"passed_time":6.805192461,"remaining_time":0.3808608241},
{"learn":[1.907266407],"iteration":947,"passed_time":6.812059714,"remaining_time":0.3736572839},
{"learn":[1.905430228],"iteration":948,"passed_time":6.819092095,"remaining_time":0.3664633265},
{"learn":[1.904429531],"iteration":949,"passed_time":6.82588541,"remaining_time":0.3592571268},
{"learn":[1.902501104],"iteration":950,"passed_time":6.832840832,"remaining_time":0.352060148},
{"learn":[1.897499337],"iteration":951,"passed_time":6.839557796,"remaining_time":0.3448516536},
{"learn":[1.8947151],"iteration":952,"passed_time":6.846485185,"remaining_time":0.3376545684},
{"learn":[1.894449692],"iteration":953,"passed_time":6.853265318,"remaining_time":0.3304509482},
{"learn":[1.89314156],"iteration":954,"passed_time":6.85998716,"remaining_time":0.3232454683},
{"learn":[1.887863839],"iteration":955,"passed_time":6.866800935,"remaining_time":0.3160452313},
{"learn":[1.886899332],"iteration":956,"passed_time":6.873470748,"remaining_time":0.3088393335},
{"learn":[1.884563809],"iteration":957,"passed_time":6.880422883,"remaining_time":0.3016469322},
{"learn":[1.882471886],"iteration":958,"passed_time":6.887375548,"remaining_time":0.2944550547},
{"learn":[1.879813972],"iteration":959,"passed_time":6.894295616,"remaining_time":0.2872623174},
{"learn":[1.877066294],"iteration":960,"passed_time":6.901203674,"remaining_time":0.28006966},
{"learn":[1.874092973],"iteration":961,"passed_time":6.908207479,"remaining_time":0.2728813765},
{"learn":[1.868755398],"iteration":962,"passed_time":6.915027499,"remaining_time":0.2656864148},
{"learn":[1.865851156],"iteration":963,"passed_time":6.921875306,"remaining_time":0.2584932687},
{"learn":[1.863109014],"iteration":964,"passed_time":6.928700719,"remaining_time":0.2513000261},
{"learn":[1.860540466],"iteration":965,"passed_time":6.935803877,"remaining_time":0.2441173207},
{"learn":[1.857577933],"iteration":966,"passed_time":6.942682694,"remaining_time":0.236927124},
{"learn":[1.853729801],"iteration":967,"passed_time":6.949462382,"remaining_time":0.2297342936},
{"learn":[1.851939629],"iteration":968,"passed_time":6.956467454,"remaining_time":0.2225495264},
{"learn":[1.848330867],"iteration":969,"passed_time":6.963371085,"remaining_time":0.2153619923},
{"learn":[1.846459066],"iteration":970,"passed_time":6.97009225,"remaining_time":0.2081695935},
{"learn":[1.843883654],"iteration":971,"passed_time":6.977108173,"remaining_time":0.2009866552},
{"learn":[1.840215857],"iteration":972,"passed_time":6.985011862,"remaining_time":0.193828695},
{"learn":[1.836672662],"iteration":973,"passed_time":6.991833575,"remaining_time":0.1866403213},
{"learn":[1.833785158],"iteration":974,"passed_time":6.999174525,"remaining_time":0.1794660135},
{"learn":[1.831155113],"iteration":975,"passed_time":7.005898077,"remaining_time":0.1722761822},
{"learn":[1.82996122],"iteration":976,"passed_time":7.012956763,"remaining_time":0.165095195},
{"learn":[1.827977126],"iteration":977,"passed_time":7.019759509,"remaining_time":0.1579087006},
{"learn":[1.824495428],"iteration":978,"passed_time":7.026773432,"remaining_time":0.15072752},
{"learn":[1.822038872],"iteration":979,"passed_time":7.033734757,"remaining_time":0.1435456073},
{"learn":[1.819567131],"iteration":980,"passed_time":7.040440007,"remaining_time":0.1363591846},
{"learn":[1.81844835],"iteration":981,"passed_time":7.047341037,"remaining_time":0.1291773306},
{"learn":[1.81809657],"iteration":982,"passed_time":7.054154404,"remaining_time":0.1219945319},
{"learn":[1.816583073],"iteration":983,"passed_time":7.061102894,"remaining_time":0.1148146812},
{"learn":[1.815749168],"iteration":984,"passed_time":7.067839568,"remaining_time":0.1076320746},
{"learn":[1.813088557],"iteration":985,"passed_time":7.074660128,"remaining_time":0.1004515637},
{"learn":[1.811118975],"iteration":986,"passed_time":7.081410425,"remaining_time":0.09327085667},
{"learn":[1.808320621],"iteration":987,"passed_time":7.088276888,"remaining_time":0.08609243184},
{"learn":[1.804663113],"iteration":988,"passed_time":7.095232378,"remaining_time":0.07891562807},
{"learn":[1.801294261],"iteration":989,"passed_time":7.102156294,"remaining_time":0.07173895247},
{"learn":[1.799043811],"iteration":990,"passed_time":7.108981497,"remaining_time":0.06456189049},
{"learn":[1.795726623],"iteration":991,"passed_time":7.115922966,"remaining_time":0.05738647553},
{"learn":[1.792240014],"iteration":992,"passed_time":7.122789874,"remaining_time":0.05021100616},
{"learn":[1.788975718],"iteration":993,"passed_time":7.129815448,"remaining_time":0.04303711538},
{"learn":[1.786501934],"iteration":994,"passed_time":7.136733889,"remaining_time":0.03586298437},
{"learn":[1.784405887],"iteration":995,"passed_time":7.14354421,"remaining_time":0.02868893257},
{"learn":[1.780912565],"iteration":996,"passed_time":7.15050361,"remaining_time":0.02151605901},
{"learn":[1.777865557],"iteration":997,"passed_time":7.15735402,"remaining_time":0.01434339483},
{"learn":[1.775568513],"iteration":998,"passed_time":7.164107499,"remaining_time":0.007171278778},
{"learn":[1.772464264],"iteration":999,"passed_time":7.171040527,"remaining_time":0}
]}